SEC1 Temperature, SEC2 Temperature, SEC3 Temperature, SEC4 Temperature, SEC1 Pressure, SEC2 Pressure, SEC3 Pressure, SEC4 Pressure, Flow Rate, split ratio,aromatics yield
513,0.388,501,0.66,510,0.007,513,0.872,1058,0.431,0.607638423
505,0.049,528,0.053,525,0.876,535,0.871,1085,0.408,0.663996358
522,0.601,525,0.52,526,0.075,517,0.83,961,0.513,0.662136831
540,0.818,522,0.288,519,0.259,509,0.605,914,0.527,0.664384801
523,0.406,512,0.174,535,0.783,504,0.638,902,0.52,0.676781724
506,0.588,529,0.816,503,0.66,528,0.467,995,0.591,0.667865571
508,0.162,500,0.191,515,0.386,531,0.211,943,0.591,0.6295982
535,0.151,524,0.736,507,0.932,527,0.207,1034,0.416,0.655778473
518,0.045,539,0.288,524,0.305,531,0.311,1071,0.578,0.65470582
523,0.323,524,0.727,523,0.682,539,0.148,1037,0.427,0.662941373
523,0.813,521,0.049,508,0.189,510,0.706,976,0.56,0.625430429
518,0.408,536,0.799,510,0.635,531,0.213,968,0.527,0.666044012
527,0.326,513,0.252,539,0.492,510,0.378,1068,0.518,0.66260737
504,0.911,521,0.483,534,0.642,506,0.327,1047,0.559,0.656637055
511,0.159,506,0.065,503,0.526,507,0.837,971,0.542,0.630691029
531,0.77,507,0.764,501,0.044,538,0.617,1009,0.492,0.647921823
539,0.08,506,0.422,527,0.157,512,0.947,908,0.48,0.665030606
505,0.823,524,0.01,525,0.441,530,0.868,1061,0.553,0.647915705
508,0.633,530,0.151,527,0.261,505,0.996,1070,0.54,0.661450273
519,0.078,504,0.21,524,0.367,505,0.177,949,0.448,0.599425767
510,0.345,535,0.448,524,0.851,523,0.784,904,0.533,0.695110504
508,0.785,504,0.926,534,0.585,530,0.802,1020,0.575,0.675054737
535,0.12,528,0.843,516,0.14,528,0.268,1094,0.555,0.636331392
530,0.649,533,0.448,522,0.439,538,0.822,1000,0.525,0.69710202
509,0.911,506,0.675,524,0.098,503,0.884,1044,0.528,0.634482626
524,0.74,526,0.634,521,0.735,519,0.957,1009,0.597,0.683943712
523,0.934,523,0.221,538,0.831,539,0.339,1001,0.423,0.678070799
510,0.52,537,0.618,530,0.504,529,0.156,1028,0.414,0.662752553
522,0.859,533,0.305,532,0.692,507,0.147,1042,0.489,0.652647418
517,0.102,537,0.506,526,0.698,519,0.468,1006,0.495,0.677648367
538,0.69,517,0.947,537,0.73,505,0.204,971,0.553,0.665421996
534,0.351,501,0.355,519,0.991,503,0.95,1024,0.478,0.672334354
525,0.755,501,0.979,535,0.659,520,0.475,922,0.56,0.669324297
511,0.918,515,0.175,502,0.819,522,0.704,958,0.596,0.661138592
526,0.052,532,0.612,517,0.747,501,0.305,1050,0.567,0.645110549
540,0.185,523,0.407,534,0.777,524,0.414,1054,0.542,0.685653828
520,0.732,531,0.704,539,0.423,533,0.265,1092,0.44,0.671744597
511,0.048,500,0.715,538,0.661,503,0.705,999,0.423,0.657265569
505,0.994,537,0.494,537,0.781,529,0.656,1004,0.454,0.685075231
540,0.498,513,0.367,521,0.148,510,0.698,987,0.446,0.656797893
523,0.771,538,0.843,515,0.248,519,0.037,981,0.527,0.623078832
520,0.813,538,0.569,511,0.169,527,0.35,940,0.57,0.65933971
530,0.71,502,0.823,500,0.803,503,0.652,1019,0.405,0.651133457
512,0.939,510,0.733,521,0.482,535,0.075,1072,0.504,0.62762622
528,0.026,510,0.285,503,0.348,516,0.97,1076,0.498,0.642167346
523,0.421,536,0.45,534,0.983,522,0.359,977,0.567,0.688927159
513,0.541,501,0.784,523,0.52,521,1,1005,0.428,0.674555362
537,0.387,501,0.165,516,0.195,504,0.824,921,0.551,0.650315136
526,0.158,503,0.702,506,0.737,523,0.155,960,0.531,0.634831829
533,0.175,521,0.694,521,0.144,522,0.983,1005,0.53,0.673145611
519,0.301,508,0.95,513,0.275,519,0.298,900,0.534,0.643466492
508,0.07,529,0.98,534,0.255,519,0.022,981,0.579,0.600385366
535,0.519,510,0.904,526,0.743,501,0.308,1046,0.4,0.657020557
509,0.621,513,0.328,523,0.916,519,0.965,912,0.493,0.684090191
530,0.593,512,0.662,534,0.005,512,0.97,999,0.409,0.63485121
504,0.35,525,0.352,518,0.749,535,0.976,985,0.427,0.693940879
528,0.173,536,0.673,525,0.691,538,0.783,937,0.457,0.700379412
518,0.96,534,0.558,525,0.1,527,0.646,942,0.595,0.666568797
539,0.92,507,0.847,526,0.412,501,0.792,910,0.458,0.664295156
538,0.463,514,0.352,502,0.662,510,0.977,958,0.515,0.67631817
539,0.502,517,0.495,503,0.448,528,0.288,1017,0.415,0.655790432
529,0.04,537,0.125,532,0.475,505,0.41,997,0.49,0.645748363
510,0.173,508,0.119,535,0.069,532,0.487,1019,0.494,0.625130653
527,0.758,525,0.637,529,0.72,503,0.856,974,0.453,0.679086763
514,0.741,511,0.794,539,0.833,520,0.815,970,0.479,0.680689762
513,0.414,527,0.97,525,0.171,519,0.07,939,0.505,0.618421881
537,0.191,540,0.443,532,0.514,531,0.062,908,0.474,0.664408798
517,0.381,528,0.382,508,0.607,520,0.829,922,0.439,0.684518217
502,0.944,534,0.234,526,0.149,535,0.313,916,0.594,0.657058973
501,0.848,538,0.73,507,0.969,528,0.25,949,0.547,0.664045756
528,0.509,534,0.002,531,0.441,529,0.353,1073,0.526,0.624592688
502,0.075,511,0.979,538,0.213,528,0.1,1040,0.578,0.611337555
505,0.775,503,0.305,530,0.033,517,0.356,973,0.439,0.594139636
511,0.12,535,0.99,513,0.302,517,0.924,1071,0.533,0.664347348
513,0.544,524,0.852,501,0.061,513,0.445,1065,0.47,0.619624324
502,0.173,537,0.057,514,0.945,510,0.148,919,0.47,0.615096385
525,0.633,519,0.461,503,0.552,501,0.317,1026,0.485,0.637976818
540,0.737,521,0.021,524,0.408,533,0.777,1074,0.593,0.663395409
538,0.945,503,0.078,506,0.521,502,0.604,1054,0.406,0.622944805
511,0.27,510,0.266,512,0.803,534,0.799,907,0.508,0.685238074
525,0.997,506,0.716,507,0.389,530,0.285,1055,0.405,0.640169046
535,0.635,505,0.172,536,0.14,536,0.43,964,0.54,0.664463877
501,0.686,510,0.457,535,0.711,524,0.182,1041,0.532,0.653916568
511,0.904,540,0.323,540,0.943,531,0.466,973,0.496,0.688265041
505,0.704,522,0.331,504,0.138,505,0.58,945,0.466,0.628592866
517,0.708,511,0.498,523,0.143,532,0.032,1041,0.469,0.580190581
504,0.748,511,0.589,508,0.934,502,0.712,935,0.411,0.658296107
524,0.333,530,0.756,515,0.916,536,0.974,940,0.536,0.694212764
522,0.31,511,0.441,538,0.791,523,0.064,1088,0.442,0.644158887
533,0.514,531,0.397,521,0.347,513,0.608,991,0.582,0.678573157
531,0.551,506,0.715,501,0.142,528,0.127,1043,0.409,0.600512192
530,0.33,504,0.029,511,0.632,536,0.049,906,0.514,0.582818813
525,0.733,535,0.903,519,0.13,529,0.087,1080,0.483,0.621730732
503,0.536,519,0.247,534,0.104,512,0.222,914,0.495,0.61585682
512,0.12,504,0.249,537,0.298,526,0.67,932,0.447,0.675183075
526,0.697,516,0.018,514,0.006,504,0.381,1004,0.543,0.516061954
503,0.647,536,0.936,540,0.537,530,0.985,1070,0.528,0.687430689
502,0.61,501,0.994,534,0.932,518,0.192,1009,0.595,0.651316475
512,0.247,514,0.81,522,0.841,538,0.43,930,0.554,0.678391575
531,0.861,530,0.938,533,0.916,517,0.54,1088,0.505,0.676294965
507,0.757,538,0.579,524,0.736,535,0.537,914,0.533,0.688000412
523,0.801,524,0.614,524,0.085,507,0.938,944,0.45,0.655381292
513,0.132,520,0.747,533,0.999,502,0.148,992,0.458,0.651130492
532,0.302,526,0.205,516,0.282,521,0.004,998,0.52,0.569530729
535,0.587,530,0.385,538,0.072,505,0.204,991,0.417,0.619152892
514,0.483,528,0.045,533,0.838,501,0.817,1049,0.445,0.65607944
500,0.152,521,0.72,536,0.1,536,0.776,931,0.404,0.672450171
523,0.099,510,0.43,513,0.083,506,0.693,997,0.568,0.621218599
514,0.292,511,0.538,514,0.367,535,0.834,923,0.578,0.686081437
538,0.955,527,0.501,506,0.803,501,0.545,1093,0.5,0.657776488
507,0.25,527,0.55,512,0.267,514,0.594,927,0.54,0.662532074
529,0.147,503,0.71,518,0.26,528,0.507,1097,0.501,0.652833529
535,0.002,522,0.174,521,0.431,520,0.069,936,0.425,0.558234898
523,0.747,504,0.283,500,0.617,517,0.514,1079,0.453,0.643504957
518,0.715,533,0.743,528,0.928,520,0.653,1027,0.576,0.682433961
505,0.313,509,0.49,533,0.307,504,0.274,1003,0.408,0.631334543
531,0.86,505,0.161,516,0.451,533,0.587,1072,0.452,0.661778326
526,0.538,512,0.251,535,0.375,502,0.676,929,0.458,0.670165286
500,0.545,529,0.21,511,0.303,523,0.574,955,0.575,0.664001332
508,0.119,502,0.527,503,0.393,514,0.827,1085,0.411,0.640960585
514,0.915,528,0.834,507,0.406,518,0.038,944,0.445,0.619043148
521,0.11,504,0.833,528,0.58,501,0.599,994,0.51,0.654501926
535,0.136,530,0.008,531,0.874,536,0.139,1077,0.451,0.609566484
538,0.775,510,0.939,516,0.979,536,0.861,981,0.573,0.680737815
524,0.447,527,0.458,531,0.625,534,0.984,930,0.427,0.703815207
523,0.145,515,0.57,520,0.209,540,0.866,1001,0.413,0.682968796
510,0.197,512,0.38,523,0.683,522,0.719,962,0.41,0.678685799
525,0.668,537,0.189,528,0.881,518,0.252,965,0.578,0.671672073
507,0.462,540,0.669,505,0.235,528,0.225,938,0.445,0.648284575
510,0.154,530,0.81,537,0.144,501,0.048,991,0.44,0.594291532
532,0.1,536,0.283,506,0.035,507,0.754,1001,0.549,0.62113268
531,0.039,512,0.972,522,0.528,505,0.118,1096,0.59,0.610267117
537,0.282,520,0.297,516,0.35,535,0.009,1056,0.434,0.584042542
501,0.969,512,0.752,503,0.341,509,0.877,906,0.524,0.652777166
507,0.787,502,0.709,536,0.746,540,0.592,910,0.596,0.681867945
536,0.97,510,0.897,524,0.456,540,0.023,1087,0.486,0.625993256
525,0.768,510,0.646,501,0.336,525,0.46,982,0.413,0.652075427
509,0.552,519,0.095,528,0.805,508,0.446,939,0.535,0.656390473
528,0.619,517,0.805,513,0.572,540,0.055,1032,0.503,0.637061392
540,0.528,531,0.566,508,0.237,527,0.263,1002,0.567,0.658404226
511,0.056,533,0.999,511,0.668,538,0.789,1063,0.406,0.674465444
506,0.337,538,0.184,528,0.372,531,0.859,997,0.404,0.693409974
527,0.99,503,0.835,517,0.318,518,0.947,966,0.485,0.662920755
525,0.264,503,0.384,511,0.891,540,0.404,986,0.528,0.673824488
539,0.567,520,0.529,511,0.982,519,0.023,1086,0.472,0.635483742
528,0.747,540,0.847,530,0.98,507,0.459,1032,0.59,0.67820205
530,0.68,505,0.757,502,0.31,515,0.541,1020,0.595,0.649160788
537,0.238,515,0.843,511,0.427,510,0.505,1042,0.587,0.657160906
501,0.036,515,0.433,531,0.059,534,0.323,1010,0.42,0.606654725
536,0.668,540,0.232,523,0.523,537,0.045,1024,0.549,0.64403272
540,0.679,537,0.294,538,0.233,535,0.432,1039,0.402,0.684783877
503,0.935,534,0.26,540,0.857,532,0.016,985,0.429,0.646445708
527,0.005,520,0.364,501,0.83,534,0.637,960,0.485,0.655166693
518,0.192,505,0.441,531,0.376,512,0.782,992,0.479,0.671246062
511,0.347,538,0.628,525,0.871,508,0.011,1029,0.437,0.645441105
530,0.107,513,0.242,531,0.318,531,0.946,964,0.586,0.692542069
513,0.841,516,0.992,500,0.797,521,0.575,1058,0.467,0.657049751
538,0.291,509,0.852,524,0.804,501,0.708,946,0.568,0.673358141
529,0.55,537,0.771,508,0.639,509,0.203,1074,0.477,0.65236567
532,0.555,508,0.783,532,0.186,540,0.763,1093,0.527,0.679381081
538,0.058,521,0.325,518,0.191,539,0.501,1056,0.432,0.660325078
533,0.951,540,0.389,500,0.584,537,0.672,937,0.416,0.683015785
527,0.343,514,0.331,536,0.919,540,0.864,1084,0.401,0.699256967
517,0.34,500,0.365,516,0.961,505,0.123,989,0.579,0.627903344
534,0.35,510,0.559,525,0.357,518,0.359,965,0.55,0.664905146
523,0.155,504,0.896,524,0.053,500,0.071,998,0.485,0.547791224
516,0.068,525,0.829,500,0.761,527,0.575,1037,0.415,0.659592728
527,0.951,506,0.4,536,0.801,536,0.587,967,0.52,0.682282823
517,0.731,528,0.531,535,0.979,518,0.712,1068,0.428,0.684573415
536,0.269,522,0.317,515,0.774,503,0.118,955,0.59,0.64184648
540,0.39,509,0.017,507,0.857,509,0.23,919,0.598,0.610480138
528,0.308,500,0.142,533,0.888,501,0.542,961,0.547,0.661198719
518,0.177,508,0.955,500,0.016,520,0.456,1055,0.504,0.59809254
525,0.476,501,0.822,507,0.697,511,0.842,1054,0.582,0.662557378
501,0.383,510,0.853,530,0.171,516,0.259,929,0.456,0.632113813
518,0.823,506,0.005,540,0.141,520,0.05,941,0.549,0.535602331
521,0.047,522,0.225,510,0.969,522,0.504,1057,0.47,0.652619492
517,0.73,512,0.361,517,0.538,516,0.869,1011,0.511,0.67215238
529,0.693,530,0.802,532,0.033,514,0.36,1023,0.46,0.63134036
523,0.626,518,0.393,537,0.561,537,0.942,1022,0.513,0.699025228
518,0.824,539,0.175,521,0.215,515,0.186,1022,0.413,0.619870925
539,0.86,517,0.052,527,0.298,507,0.611,989,0.527,0.642334755
505,0.951,514,0.472,527,0.202,517,0.286,1050,0.51,0.631288614
531,0.375,502,0.754,505,0.804,538,0.03,912,0.501,0.62646163
517,0.378,540,0.372,530,0.127,529,0.287,935,0.433,0.660350819
539,0.078,531,0.128,506,0.201,502,0.215,911,0.553,0.596706918
538,0.011,529,0.532,539,0.336,508,0.222,1022,0.451,0.62954202
505,0.955,512,0.25,537,0.186,519,0.104,1046,0.472,0.600901095
515,0.808,523,0.516,527,0.109,530,0.108,1058,0.402,0.607664455
503,0.733,538,0.611,540,0.012,526,0.089,1070,0.458,0.577956372
521,0.51,526,0.506,536,0.98,537,0.523,1014,0.425,0.693839411
510,0.505,532,0.137,536,0.699,528,0.761,962,0.536,0.693727104
508,0.843,506,0.269,509,0.816,528,0.878,985,0.528,0.671093172
504,0.919,500,0.156,513,0.857,530,0.27,904,0.436,0.642529769
526,0.979,508,0.062,500,0.48,501,0.459,918,0.405,0.611002397
536,0.432,520,0.798,521,0.769,538,0.264,909,0.496,0.680019818
501,0.674,535,0.42,520,0.333,539,0.237,904,0.491,0.668909837
509,0.159,511,0.841,535,0.823,511,1,955,0.526,0.678565037
530,0.588,527,0.424,510,0.852,525,0.616,990,0.568,0.683042241
517,0.861,506,0.965,536,0.33,524,0.278,1049,0.402,0.648151775
506,0.493,537,0.878,506,0.819,517,0.726,1061,0.554,0.672646052
527,0.778,507,0.122,534,0.85,538,0.039,909,0.467,0.634896819
505,0.14,520,0.891,523,0.378,528,0.48,981,0.465,0.663672583
514,0.519,531,0.154,526,0.003,527,0.417,978,0.587,0.597492797
540,0.07,518,0.459,514,0.384,526,0.863,1043,0.444,0.676056751
519,0.774,536,0.345,521,0.174,508,0.841,1057,0.484,0.660935639
513,0.884,530,0.016,502,0.348,524,0.19,981,0.566,0.586211578
509,0.186,508,0.002,528,0.304,520,0.686,967,0.573,0.6146658
535,0.491,507,0.041,538,0.861,530,0.188,1076,0.445,0.642564149
518,0.472,529,0.669,507,0.91,539,0.174,963,0.428,0.665513803
515,0.863,539,0.941,505,0.329,525,0.083,1090,0.517,0.626355239
509,0.601,500,0.268,517,0.846,530,0.873,1077,0.476,0.673820697
523,0.058,524,0.485,527,0.012,520,0.492,932,0.497,0.606654133
535,0.779,523,0.663,500,0.162,534,0.267,1054,0.498,0.642512171
502,0.407,511,0.593,530,0.62,508,0.383,939,0.583,0.66197843
512,0.794,521,0.994,503,0.711,505,0.939,1020,0.562,0.661246771
504,0.767,504,0.465,501,0.962,525,0.2,960,0.553,0.639304136
502,0.078,532,0.709,518,0.969,520,0.712,979,0.519,0.675053669
527,0.993,520,0.079,507,0.16,504,0.156,948,0.402,0.567136754
509,0.45,534,0.657,537,0.214,513,0.441,1023,0.551,0.665005005
516,0.546,506,0.125,533,0.616,502,0.298,1034,0.493,0.635049266
503,0.511,516,0.751,502,0.399,532,0.371,943,0.484,0.656313029
533,0.58,517,0.946,520,0.697,526,0.044,974,0.441,0.645775731
530,0.09,524,0.406,528,0.636,531,0.92,944,0.6,0.698628086
536,0.137,521,0.846,511,0.415,513,0.791,945,0.479,0.670339519
521,0.661,501,0.748,514,0.207,507,0.845,1039,0.599,0.6485886
506,0.723,536,0.198,506,0.694,510,0.396,915,0.472,0.654643198
500,0.791,523,0.853,500,0.127,512,0.563,912,0.453,0.636757995
504,0.382,512,0.589,524,0.154,507,0.978,1037,0.595,0.654580139
504,0.811,538,0.01,509,0.456,540,0.223,990,0.522,0.610643157
539,0.006,537,0.042,517,0.229,501,0.672,904,0.589,0.607760008
520,0.066,537,0.661,515,0.063,537,0.73,952,0.455,0.663312935
511,0.491,507,0.816,534,0.135,537,0.665,980,0.512,0.670285827
518,0.208,511,0.649,510,0.366,539,0.493,1029,0.478,0.668128344
539,0.195,503,0.95,507,0.932,506,0.648,1076,0.579,0.656986624
534,0.258,529,0.928,537,0.429,511,0.268,923,0.448,0.670129554
521,0.743,524,0.846,515,0.991,540,0.993,1085,0.428,0.684619165
503,0.166,511,0.879,512,0.277,536,0.803,980,0.505,0.668515776
529,0.648,518,0.091,517,0.865,529,0.723,938,0.445,0.676082934
508,0.563,530,0.787,512,0.82,519,0.585,973,0.573,0.674041881
519,0.177,506,0.906,506,0.147,505,0.956,1038,0.481,0.634360199
510,0.316,514,0.33,522,0.826,527,0.354,976,0.544,0.669867055
521,0.818,512,0.164,531,0.17,509,0.216,1050,0.44,0.603735855
501,0.209,531,0.326,519,0.115,531,0.149,1008,0.573,0.6128629
518,0.926,511,0.426,520,0.605,501,0.939,1015,0.491,0.662890101
518,0.804,503,0.337,521,0.018,526,0.935,963,0.468,0.63493494
503,0.856,507,0.49,500,0.066,511,0.388,917,0.463,0.602171508
535,0.077,529,0.731,512,0.85,518,0.092,1037,0.561,0.637023746
532,0.562,533,0.711,535,0.035,503,0.684,1082,0.461,0.640334719
509,0.63,531,0.29,529,0.081,517,0.489,970,0.541,0.645911861
528,0.419,534,0.702,524,0.267,533,0.116,958,0.46,0.652656683
530,0.156,509,0.014,505,0.858,536,0.328,1097,0.452,0.613326455
506,0.589,507,0.431,507,0.193,508,0.768,942,0.55,0.645234289
526,0.035,516,0.364,539,0.005,523,0.873,1023,0.447,0.604626563
533,0.668,508,0.22,535,0.554,512,0.188,922,0.529,0.653714576
526,0.455,523,0.309,518,0.394,509,0.517,1100,0.446,0.654695361
501,0.661,523,0.778,522,0.871,515,0.454,981,0.439,0.667126226
521,0.288,519,0.331,505,0.182,501,0.596,1052,0.45,0.624716423
501,0.29,510,0.315,506,0.158,505,0.735,960,0.49,0.62920502
523,0.177,504,0.991,526,0.52,531,0.629,1061,0.581,0.670832181
514,0.672,519,0.33,517,0.187,540,0.499,1075,0.478,0.663336518
528,0.161,523,0.489,516,0.591,525,0.817,1064,0.432,0.682616794
507,0.494,512,0.357,518,0.926,538,0.08,1072,0.576,0.637393796
504,0.768,505,0.674,520,0.224,535,0.484,935,0.525,0.661503411
537,0.933,530,0.961,519,0.464,512,0.164,947,0.583,0.653311025
535,0.824,517,0.159,528,0.439,501,0.099,1090,0.557,0.613606534
530,0.341,515,0.921,527,0.304,519,0.326,1068,0.593,0.654861469
504,0.835,502,0.077,517,0.164,537,0.98,1012,0.415,0.651156769
518,0.192,502,0.01,530,0.392,540,0.306,1060,0.465,0.617549251
527,0.649,529,0.824,519,0.14,507,0.983,988,0.525,0.663933833
527,0.256,540,0.253,540,0.937,512,0.4,932,0.593,0.692206734
508,0.648,540,0.007,524,0.155,537,0.551,944,0.402,0.629640899
525,0.379,524,0.796,506,0.428,510,0.357,1006,0.411,0.648544227
536,0.167,521,0.978,502,0.494,510,0.977,948,0.515,0.669378833
514,0.989,516,0.457,512,0.336,539,0.335,1052,0.54,0.655626509
518,0.162,529,0.082,510,0.101,540,0.85,1092,0.429,0.64683631
526,0.781,504,0.182,502,0.036,532,0.013,985,0.499,0.494716157
539,0.769,523,0.576,533,0.957,520,0.723,928,0.468,0.688654707
527,0.152,508,0.167,521,0.155,506,0.461,1082,0.584,0.612572299
530,0.712,504,0.797,522,0.526,535,0.424,940,0.458,0.672349826
507,0.655,505,0.276,529,0.485,536,0.445,967,0.477,0.674372305
512,0.368,528,0.299,514,0.44,522,0.421,1019,0.434,0.661347632
518,0.794,525,0.923,530,0.744,526,0.302,905,0.586,0.672005392
521,0.012,518,0.906,540,0.636,509,0.951,1052,0.531,0.664637263
524,0.539,524,0.947,535,0.682,529,0.974,1004,0.444,0.688802662
523,0.479,540,0.114,527,0.783,529,0.893,996,0.511,0.695000499
509,0.419,503,0.047,516,0.532,524,0.423,1097,0.456,0.623457116
521,0.748,506,0.067,538,0.423,510,0.663,1018,0.559,0.654641148
539,0.426,522,0.336,518,0.848,528,0.58,1083,0.55,0.685287951
520,0.73,512,0.613,504,0.176,515,0.564,909,0.493,0.64743117
525,0.635,504,0.466,529,0.729,508,0.003,1098,0.598,0.61667507
500,0.54,500,0.47,532,0.159,532,0.977,994,0.578,0.675430974
530,0.247,523,0.945,517,0.478,522,0.586,1077,0.543,0.670282589
523,0.677,518,0.1,534,0.12,514,0.444,1043,0.444,0.623820521
503,0.692,504,0.822,521,0.192,536,0.545,1037,0.482,0.656433077
512,0.528,510,0.289,503,0.649,513,0.302,1060,0.575,0.633805316
538,0.878,521,0.989,538,0.429,513,0.077,1047,0.517,0.648217473
537,0.089,513,0.376,510,0.121,508,0.626,909,0.452,0.634067914
505,0.127,538,0.985,522,0.365,533,0.409,905,0.571,0.672326929
501,0.58,518,0.306,536,0.976,501,0.548,1033,0.598,0.668651251
519,0.143,502,0.949,515,0.475,512,0.057,1059,0.576,0.597331239
535,0.77,540,0.02,523,0.681,515,0.967,1022,0.57,0.663337173
527,0.307,531,0.179,510,0.135,520,0.391,1017,0.477,0.632448274
521,0.649,502,0.736,502,0.069,521,0.847,1023,0.426,0.638936681
513,0.825,516,0.09,515,0.768,528,0.277,1092,0.544,0.637425889
530,0.996,530,0.577,500,0.973,522,0.862,951,0.524,0.676040429
524,0.183,504,0.825,513,0.006,540,0.032,1057,0.47,0.51842928
515,0.409,518,0.66,511,0.11,518,0.572,1008,0.481,0.642839944
527,0.445,515,0.592,503,0.529,514,0.733,997,0.506,0.66784703
525,0.776,504,0.934,502,0.718,533,0.819,978,0.443,0.670917189
517,0.45,531,0.122,521,0.895,506,0.064,1097,0.412,0.614971332
504,0.347,529,0.102,536,0.302,510,0.351,932,0.462,0.645076461
522,0.353,527,0.582,527,0.4,530,0.609,1031,0.484,0.686693789
536,0.759,502,0.299,531,0.293,530,0.168,986,0.599,0.64659881
510,0.112,505,0.811,540,0.377,517,0.066,986,0.422,0.615692712
508,0.727,509,0.858,523,0.044,502,0.341,1079,0.448,0.591485905
515,0.215,527,0.003,532,0.664,507,0.02,959,0.492,0.531736446
536,0.17,521,0.32,512,0.679,505,0.752,925,0.584,0.675476281
531,0.456,519,0.596,531,0.573,522,0.313,1058,0.596,0.672680714
534,0.576,532,0.23,533,0.304,503,0.258,924,0.558,0.657450558
521,0.264,503,0.415,500,0.637,523,0.974,952,0.57,0.67478842
518,0.977,518,0.158,503,0.238,536,0.712,1064,0.429,0.652482136
509,0.034,540,0.465,508,0.035,537,0.142,921,0.505,0.58590388
540,0.214,532,0.495,522,0.628,520,0.25,1011,0.466,0.67112315
529,0.491,529,0.104,501,0.894,510,0.958,1064,0.578,0.664114313
535,0.123,506,0.186,528,0.997,533,0.881,925,0.433,0.690958269
501,0.812,532,0.7,501,0.98,536,0.87,1091,0.489,0.67767093
500,0.252,514,0.195,535,0.235,535,0.475,1001,0.589,0.669386084
527,0.317,523,0.048,505,0.37,527,0.123,1061,0.478,0.58416534
514,0.33,500,0.135,534,0.043,536,0.451,1063,0.426,0.611326939
538,0.877,514,0.22,515,0.27,502,0.737,1030,0.478,0.646073916
531,0.429,521,0.603,523,0.267,517,0.103,1071,0.454,0.624628031
525,0.901,502,0.758,503,0.589,510,0.158,953,0.45,0.626067028
505,0.58,513,0.055,530,0.944,532,0.358,1026,0.441,0.652840142
533,0.56,508,0.505,530,0.312,538,0.566,990,0.579,0.686715819
521,0.611,529,0.813,505,0.257,521,0.983,902,0.598,0.676386231
524,0.141,511,0.219,528,0.342,538,0.204,1076,0.551,0.644357317
515,0.983,501,0.504,501,0.296,515,0.36,1037,0.555,0.624850189
502,0.965,507,0.735,535,0.512,511,0.497,917,0.497,0.660858695
524,0.165,524,0.247,528,0.188,522,0.398,1025,0.484,0.649987551
515,0.35,539,0.288,521,0.759,540,0.5,1094,0.593,0.69122692
539,0.911,526,0.995,522,0.334,511,0.756,973,0.576,0.668890132
531,0.078,509,0.334,508,0.509,533,0.534,1003,0.462,0.664456796
518,0.993,531,0.522,507,0.76,522,0.631,1054,0.575,0.669826653
529,0.513,532,0.651,515,0.41,535,0.083,1055,0.567,0.644756864
520,0.633,530,0.875,538,0.766,506,0.398,1081,0.525,0.671777137
514,0.45,532,0.521,506,0.737,511,0.712,906,0.566,0.678113662
519,0.064,532,0.523,513,0.67,505,0.56,1089,0.439,0.652032981
509,0.746,508,0.766,502,0.846,512,0.63,997,0.491,0.655591809
503,0.633,531,0.76,501,0.81,527,0.58,1003,0.583,0.671406446
537,0.601,518,0.736,510,0.547,535,0.15,957,0.43,0.656424385
539,0.979,534,0.175,530,0.861,517,0.222,943,0.489,0.665044834
510,0.741,500,0.616,526,0.208,501,0.911,1092,0.459,0.642827726
512,0.59,532,0.4,506,0.973,529,0.658,1074,0.567,0.679230001
523,0.78,511,0.85,512,0.267,511,0.071,1039,0.52,0.604451849
510,0.977,505,0.959,536,0.891,513,0.205,1073,0.441,0.650133237
511,0.969,503,0.252,537,0.869,516,0.639,973,0.505,0.669606382
506,0.373,516,0.779,534,0.631,504,0.259,913,0.427,0.658245078
517,0.862,502,0.33,515,0.689,500,0.894,967,0.44,0.657032834
506,0.854,531,0.232,509,0.285,531,0.276,1086,0.535,0.639092048
512,0.159,514,0.874,538,0.288,529,0.798,980,0.445,0.679000858
513,0.746,540,0.257,528,0.259,540,0.134,1029,0.579,0.651687707
530,0.497,501,0.461,536,0.597,520,0.869,967,0.468,0.688614545
533,0.216,531,0.169,539,0.978,527,0.193,952,0.404,0.677486469
534,0.436,503,0.088,521,0.297,538,0.198,977,0.433,0.63135525
536,0.69,522,0.165,502,0.492,507,0.252,954,0.434,0.628870589
513,0.563,511,0.619,533,0.129,530,0.875,964,0.498,0.675042312
537,0.233,538,0.405,506,0.126,520,0.844,927,0.576,0.677170357
501,0.99,503,0.481,533,0.808,514,0.673,932,0.414,0.667877546
505,0.237,532,0.621,513,0.914,527,0.38,977,0.445,0.672360323
500,0.511,514,0.576,501,0.309,514,0.103,1044,0.413,0.588924449
528,0.663,511,0.421,540,0.609,512,0.018,960,0.464,0.640561616
501,0.545,501,0.232,507,0.556,517,0.8,1099,0.537,0.651019958
511,0.08,528,0.94,505,0.946,516,0.551,1000,0.445,0.65821842
515,0.537,502,0.234,521,0.257,502,0.31,1086,0.529,0.610293093
527,0.924,520,0.759,533,0.288,539,0.889,908,0.487,0.684310881
528,0.679,530,0.625,523,0.878,511,0.129,940,0.441,0.663549824
508,0.165,506,0.075,531,0.026,508,0.344,1045,0.511,0.540214043
510,0.399,510,0.427,536,0.106,518,0.707,955,0.532,0.660652756
517,0.574,529,0.139,540,0.892,530,0.365,912,0.419,0.684783681
522,0.221,532,0.573,527,0.365,533,0.18,1016,0.545,0.662337308
535,0.151,507,0.359,504,0.552,523,0.645,968,0.499,0.668123933
508,0.444,534,0.066,501,0.449,528,0.877,938,0.422,0.66619156
517,0.349,525,0.225,512,0.873,504,0.602,998,0.483,0.662264309
516,0.34,529,0.986,521,0.619,516,0.577,976,0.442,0.673082522
503,0.399,529,0.573,532,0.002,517,0.858,925,0.439,0.634278415
526,0.588,513,0.717,534,0.949,535,0.329,1035,0.466,0.678687068
528,0.266,531,0.421,518,0.388,518,0.013,946,0.458,0.611298803
502,0.463,537,0.08,521,0.874,528,0.025,1050,0.598,0.604578581
533,0.087,505,0.548,516,0.094,510,0.098,1013,0.591,0.565280726
507,0.008,521,0.363,514,0.246,529,0.855,1017,0.53,0.650841329
537,0.538,505,0.109,503,0.316,540,0.094,1069,0.512,0.596603687
521,0.328,502,0.425,526,0.208,518,0.301,1033,0.595,0.637285363
503,0.671,527,0.166,533,0.963,523,0.535,963,0.52,0.67911473
540,0.701,537,0.26,514,0.137,536,0.572,945,0.446,0.677625358
518,0.605,539,0.764,500,0.155,515,0.164,946,0.45,0.626112562
529,0.77,525,0.72,517,0.855,539,0.809,929,0.427,0.688139748
538,0.783,502,0.838,509,0.567,531,0.8,958,0.418,0.674559734
527,0.447,514,0.787,532,0.76,524,0.107,995,0.406,0.658444272
524,0.012,512,0.782,502,0.5,535,0.118,1049,0.553,0.601385805
527,0.479,506,0.401,509,0.144,517,0.707,927,0.506,0.65392439
528,0.462,518,0.902,529,0.063,511,0.351,1015,0.537,0.628842973
515,0.261,534,0.936,528,0.736,520,0.641,1036,0.437,0.680431826
539,0.921,511,0.332,540,0.468,539,0.358,981,0.511,0.68008094
516,0.004,501,0.775,515,0.576,523,0.998,953,0.508,0.652446259
521,0.77,539,0.551,540,0.275,535,0.45,995,0.466,0.685954674
501,0.753,504,0.688,521,0.856,539,0.542,1068,0.462,0.671038588
539,0.06,526,0.852,527,0.591,524,0.501,975,0.459,0.674919581
502,0.778,503,0.525,503,0.192,520,0.461,915,0.484,0.635327494
523,0.305,519,0.672,533,0.183,537,0.569,912,0.574,0.685463667
500,0.258,508,0.19,501,0.906,531,0.794,977,0.438,0.665627628
504,0.493,509,0.379,518,0.982,501,0.373,928,0.434,0.652125831
525,0.817,513,0.734,530,0.532,505,0.695,930,0.421,0.669699858
514,0.754,501,0.671,525,0.769,537,0.705,942,0.555,0.68038615
515,0.724,529,0.492,538,0.248,514,0.821,1034,0.582,0.679062099
516,0.413,505,0.404,538,0.43,501,0.297,977,0.521,0.649834353
539,0.055,515,0.51,515,0.869,505,0.908,1008,0.591,0.668802867
522,0.068,536,0.547,535,0.414,505,0.584,970,0.531,0.673294065
540,0.242,513,0.573,528,0.259,527,0.953,1082,0.437,0.684945427
539,0.193,506,0.765,528,0.466,533,0.621,1066,0.525,0.681263161
523,0.205,500,0.076,513,0.469,510,0.767,1078,0.575,0.63579472
505,0.297,534,0.235,530,0.58,504,0.48,1093,0.506,0.660615725
522,0.09,517,0.61,530,0.197,531,0.873,932,0.488,0.682360056
518,0.866,516,0.385,534,0.59,500,0.178,917,0.542,0.649703748
535,0.875,516,0.327,511,0.26,511,0.392,1061,0.428,0.634351336
527,0.424,505,0.45,523,0.238,514,0.186,1062,0.409,0.616615
513,0.982,529,0.597,517,0.987,525,0.293,1008,0.503,0.664432035
502,0.243,514,0.745,534,0.752,502,0.125,1006,0.423,0.640656515
516,0.08,518,0,524,0.713,516,0.939,980,0.508,0.679313509
507,0.621,536,0.95,540,0.977,540,0.108,1086,0.446,0.670861998
529,0.262,524,0.58,540,0,529,0.856,1042,0.429,0.698675507
506,0.56,510,0.776,508,0.202,526,0.117,978,0.589,0.61098306
532,0.3,515,0.574,518,0.523,517,0.564,960,0.554,0.675899893
515,0.537,538,0.503,515,0.005,531,0.625,929,0.412,0.651703628
540,0.303,503,0.037,522,0.205,509,0.983,1087,0.41,0.630783942
505,0.218,532,0.631,506,0.083,514,0.849,999,0.574,0.64670315
513,0.527,524,0.218,533,0.189,500,0.165,1029,0.434,0.604312116
523,0.352,536,0.144,516,0.545,522,0.066,1021,0.478,0.617558389
529,0.629,509,0.702,513,0.625,517,0.702,963,0.453,0.671683382
539,0.724,529,0.673,528,0.55,503,0.313,1079,0.423,0.663149832
500,0.093,517,0.882,500,0.945,528,0.212,1074,0.537,0.632722548
506,0.001,517,0.846,501,0.298,538,0.732,972,0.481,0.635986512
503,0.055,515,0.605,504,0.606,540,0.008,957,0.471,0.571458674
520,0.651,532,0.359,525,0.859,533,0.961,1059,0.441,0.694833483
522,0.556,508,0.498,517,0.554,535,0.918,1009,0.481,0.686985654
540,0.698,520,0.665,515,0.951,507,0.671,1056,0.443,0.672902409
500,0.981,511,0.778,506,0.159,533,0.325,1068,0.552,0.630068575
534,0.658,516,0.589,529,0.547,540,0.357,966,0.591,0.683845444
517,0.07,531,0.744,526,0.335,509,0.677,918,0.572,0.668554789
536,0.817,513,0.99,502,0.264,510,0.421,912,0.426,0.645081728
505,0.166,534,0.053,535,0.945,522,0.294,903,0.521,0.658651193
538,0.598,515,0.641,509,0.011,522,0.888,990,0.522,0.646545714
510,0.418,530,0.937,507,0.621,540,0.127,929,0.426,0.65376415
535,0.755,508,0.413,539,0.571,538,0.371,973,0.444,0.683433628
504,0.106,516,0.397,533,0.506,520,0.014,1006,0.551,0.596733921
514,0.07,537,0.572,516,0.404,517,0.857,977,0.594,0.677507359
510,0.447,538,0.944,507,0.833,514,0.217,988,0.493,0.656555973
501,0.436,500,0.09,516,0.479,537,0.4,1051,0.458,0.641642417
527,0.075,535,0.04,510,0.164,516,0.222,1009,0.597,0.577356531
530,0.044,540,0.356,531,1,502,0.96,1089,0.466,0.68010608
510,0.308,520,0.271,515,0.914,504,0.088,965,0.471,0.625563467
513,0.296,523,0.146,538,0.742,500,0.257,1004,0.538,0.649778624
517,0.912,534,0.702,527,0.044,517,0.841,1081,0.482,0.649879339
527,0.397,509,0.192,510,0.175,519,0.649,919,0.564,0.654138444
529,0.916,516,0.163,505,0.651,501,0.034,1047,0.493,0.587814895
536,0.49,501,0.873,533,0.477,514,0.636,989,0.59,0.673073796
520,0.996,501,0.724,520,0.763,503,0.052,1052,0.442,0.621587467
540,0.921,505,0.08,517,0.521,526,0.73,1020,0.593,0.662241297
540,0.102,517,0.658,521,0.078,540,0.352,1093,0.525,0.641373865
508,0.696,526,0.169,502,0.725,519,0.544,1099,0.579,0.652441631
520,0.182,500,0.804,509,0.157,510,0.369,970,0.426,0.613047659
500,0.49,535,0.425,518,0.737,508,0.237,1029,0.437,0.651325261
511,0.137,501,0.69,527,0.468,503,0.697,957,0.579,0.657782574
504,0.007,508,0.272,501,0.779,505,0.54,1073,0.427,0.599770254
518,0.948,506,0.751,522,0.514,513,0.756,1070,0.552,0.661231114
506,0.017,534,0.484,504,0.862,513,0.271,930,0.476,0.633944413
518,0.313,503,0.691,525,0.522,532,0.648,1024,0.474,0.678350048
512,0.933,524,0.14,535,0.858,509,0.597,932,0.464,0.668549689
532,0.645,517,0.464,528,0.774,530,0.885,1039,0.589,0.691712966
505,0.585,512,0.863,510,0.416,533,0.165,941,0.486,0.64033638
520,0.005,517,0.032,503,0.324,532,0.728,987,0.479,0.609801738
530,0.233,514,0.614,522,0.771,517,0.67,1008,0.42,0.678263753
520,0.752,527,0.837,537,0.185,533,0.268,1020,0.536,0.660208422
514,0.962,502,0.128,510,0.928,533,0.926,944,0.525,0.668359197
539,0.856,536,0.314,510,0.239,518,0.848,1025,0.514,0.672285244
536,0.288,506,0.704,533,0.698,536,0.628,1000,0.583,0.690434348
519,0.992,532,0.691,518,0.43,500,0.596,937,0.586,0.661539839
538,0.397,506,0.87,508,0.552,537,0.322,999,0.549,0.665842886
502,0.488,531,0.609,532,0.092,505,0.675,934,0.407,0.649838886
510,0.706,534,0.781,501,0.34,539,0.791,1032,0.515,0.677929769
523,0.512,521,0.743,508,0.347,536,0.987,1084,0.429,0.681523177
525,0.268,509,0.248,532,0.961,522,0.98,958,0.521,0.691905558
517,0.441,505,0.317,518,0.069,534,0.23,993,0.454,0.609462339
507,0.372,522,0.902,534,0.139,515,0.984,922,0.597,0.670310977
523,0.747,505,0.009,529,0.486,540,0.3,978,0.469,0.63777961
536,0.417,516,0.846,515,0.587,536,0.164,1060,0.519,0.656940011
532,0.543,511,0.152,505,0.159,540,0.249,976,0.489,0.630714659
522,0.472,520,0.932,525,0.844,518,0.332,940,0.531,0.670417748
505,0.025,505,0.944,513,0.453,531,0.802,969,0.478,0.657670775
539,0.354,537,0.084,540,0.659,503,0.383,1064,0.597,0.66678086
