SEC1 Temperature, SEC2 Temperature, SEC3 Temperature, SEC4 Temperature, SEC1 Pressure, SEC2 Pressure, SEC3 Pressure, SEC4 Pressure, Flow Rate, split ratio, sum of aromatics
513.0, 0.388, 501.0, 0.66, 510.0, 0.007, 513.0, 0.872, 1058.0, 0.431, 71711.522354
505.0, 0.049, 528.0, 0.053, 525.0, 0.876, 535.0, 0.871, 1085.0, 0.408, 80362.507934
522.0, 0.601, 525.0, 0.52, 526.0, 0.075, 517.0, 0.83, 961.0, 0.513, 70978.886185
540.0, 0.818, 522.0, 0.288, 519.0, 0.259, 509.0, 0.605, 914.0, 0.527, 67736.683818
523.0, 0.406, 512.0, 0.174, 535.0, 0.783, 504.0, 0.638, 902.0, 0.52, 68094.683567
506.0, 0.588, 529.0, 0.816, 503.0, 0.66, 528.0, 0.467, 995.0, 0.591, 74125.934798
508.0, 0.162, 500.0, 0.191, 515.0, 0.386, 531.0, 0.211, 943.0, 0.591, 66226.715516
535.0, 0.151, 524.0, 0.736, 507.0, 0.932, 527.0, 0.207, 1034.0, 0.416, 75637.251924
518.0, 0.045, 539.0, 0.288, 524.0, 0.305, 531.0, 0.311, 1071.0, 0.578, 78215.660768
523.0, 0.323, 524.0, 0.727, 523.0, 0.682, 539.0, 0.148, 1037.0, 0.427, 76685.265594
523.0, 0.813, 521.0, 0.049, 508.0, 0.189, 510.0, 0.706, 976.0, 0.56, 68090.554529
518.0, 0.408, 536.0, 0.799, 510.0, 0.635, 531.0, 0.213, 968.0, 0.527, 71917.789821
527.0, 0.326, 513.0, 0.252, 539.0, 0.492, 510.0, 0.378, 1068.0, 0.518, 78937.898641
504.0, 0.911, 521.0, 0.483, 534.0, 0.642, 506.0, 0.327, 1047.0, 0.559, 76688.477337
511.0, 0.159, 506.0, 0.065, 503.0, 0.526, 507.0, 0.837, 971.0, 0.542, 68311.517033
531.0, 0.77, 507.0, 0.764, 501.0, 0.044, 538.0, 0.617, 1009.0, 0.492, 72924.22475
539.0, 0.08, 506.0, 0.422, 527.0, 0.157, 512.0, 0.947, 908.0, 0.48, 67357.433002
505.0, 0.823, 524.0, 0.01, 525.0, 0.441, 530.0, 0.868, 1061.0, 0.553, 76681.73613100001
508.0, 0.633, 530.0, 0.151, 527.0, 0.261, 505.0, 0.996, 1070.0, 0.54, 78947.616719
519.0, 0.078, 504.0, 0.21, 524.0, 0.367, 505.0, 0.177, 949.0, 0.448, 63454.096765999995
510.0, 0.345, 535.0, 0.448, 524.0, 0.851, 523.0, 0.784, 904.0, 0.533, 70093.916717
508.0, 0.785, 504.0, 0.926, 534.0, 0.585, 530.0, 0.802, 1020.0, 0.575, 76806.364186
535.0, 0.12, 528.0, 0.843, 516.0, 0.14, 528.0, 0.268, 1094.0, 0.555, 77653.08554399999
530.0, 0.649, 533.0, 0.448, 522.0, 0.439, 538.0, 0.822, 1000.0, 0.525, 77759.666189
509.0, 0.911, 506.0, 0.675, 524.0, 0.098, 503.0, 0.884, 1044.0, 0.528, 73888.74312099999
524.0, 0.74, 526.0, 0.634, 521.0, 0.735, 519.0, 0.957, 1009.0, 0.597, 76978.523017
523.0, 0.934, 523.0, 0.221, 538.0, 0.831, 539.0, 0.339, 1001.0, 0.423, 75712.426585
510.0, 0.52, 537.0, 0.618, 530.0, 0.504, 529.0, 0.156, 1028.0, 0.414, 75998.071274
522.0, 0.859, 533.0, 0.305, 532.0, 0.692, 507.0, 0.147, 1042.0, 0.489, 75858.524251
517.0, 0.102, 537.0, 0.506, 526.0, 0.698, 519.0, 0.468, 1006.0, 0.495, 76043.20680800002
538.0, 0.69, 517.0, 0.947, 537.0, 0.73, 505.0, 0.204, 971.0, 0.553, 72073.30356
534.0, 0.351, 501.0, 0.355, 519.0, 0.991, 503.0, 0.95, 1024.0, 0.478, 76796.832093
525.0, 0.755, 501.0, 0.979, 535.0, 0.659, 520.0, 0.475, 922.0, 0.56, 68837.57423700001
511.0, 0.918, 515.0, 0.175, 502.0, 0.819, 522.0, 0.704, 958.0, 0.596, 70650.634072
526.0, 0.052, 532.0, 0.612, 517.0, 0.747, 501.0, 0.305, 1050.0, 0.567, 75558.180131
540.0, 0.185, 523.0, 0.407, 534.0, 0.777, 524.0, 0.414, 1054.0, 0.542, 80612.71765899999
520.0, 0.732, 531.0, 0.704, 539.0, 0.423, 533.0, 0.265, 1092.0, 0.44, 81824.783908
511.0, 0.048, 500.0, 0.715, 538.0, 0.661, 503.0, 0.705, 999.0, 0.423, 73242.712022
505.0, 0.994, 537.0, 0.494, 537.0, 0.781, 529.0, 0.656, 1004.0, 0.454, 76723.78593099999
540.0, 0.498, 513.0, 0.367, 521.0, 0.148, 510.0, 0.698, 987.0, 0.446, 72311.429982
523.0, 0.771, 538.0, 0.843, 515.0, 0.248, 519.0, 0.037, 981.0, 0.527, 68182.049332
520.0, 0.813, 538.0, 0.569, 511.0, 0.169, 527.0, 0.35, 940.0, 0.57, 69134.54881
530.0, 0.71, 502.0, 0.823, 500.0, 0.803, 503.0, 0.652, 1019.0, 0.405, 74012.01728200002
512.0, 0.939, 510.0, 0.733, 521.0, 0.482, 535.0, 0.075, 1072.0, 0.504, 75050.555312
528.0, 0.026, 510.0, 0.285, 503.0, 0.348, 516.0, 0.97, 1076.0, 0.498, 77075.887758
523.0, 0.421, 536.0, 0.45, 534.0, 0.983, 522.0, 0.359, 977.0, 0.567, 75080.285649
513.0, 0.541, 501.0, 0.784, 523.0, 0.52, 521.0, 1.0, 1005.0, 0.428, 75620.876489
537.0, 0.387, 501.0, 0.165, 516.0, 0.195, 504.0, 0.824, 921.0, 0.551, 66810.01034
526.0, 0.158, 503.0, 0.702, 506.0, 0.737, 523.0, 0.155, 960.0, 0.531, 67981.066376
533.0, 0.175, 521.0, 0.694, 521.0, 0.144, 522.0, 0.983, 1005.0, 0.53, 75462.836662
519.0, 0.301, 508.0, 0.95, 513.0, 0.275, 519.0, 0.298, 900.0, 0.534, 64599.10365
508.0, 0.07, 529.0, 0.98, 534.0, 0.255, 519.0, 0.022, 981.0, 0.579, 65698.756788
535.0, 0.519, 510.0, 0.904, 526.0, 0.743, 501.0, 0.308, 1046.0, 0.4, 76659.977722
509.0, 0.621, 513.0, 0.328, 523.0, 0.916, 519.0, 0.965, 912.0, 0.493, 69593.11049300001
530.0, 0.593, 512.0, 0.662, 534.0, 0.005, 512.0, 0.97, 999.0, 0.409, 70744.956853
504.0, 0.35, 525.0, 0.352, 518.0, 0.749, 535.0, 0.976, 985.0, 0.427, 76245.94448399999
528.0, 0.173, 536.0, 0.673, 525.0, 0.691, 538.0, 0.783, 937.0, 0.457, 73203.35883999999
518.0, 0.96, 534.0, 0.558, 525.0, 0.1, 527.0, 0.646, 942.0, 0.595, 70041.25659599999
539.0, 0.92, 507.0, 0.847, 526.0, 0.412, 501.0, 0.792, 910.0, 0.458, 67431.14351800001
538.0, 0.463, 514.0, 0.352, 502.0, 0.662, 510.0, 0.977, 958.0, 0.515, 72272.75509600001
539.0, 0.502, 517.0, 0.495, 503.0, 0.448, 528.0, 0.288, 1017.0, 0.415, 74395.056065
529.0, 0.04, 537.0, 0.125, 532.0, 0.475, 505.0, 0.41, 997.0, 0.49, 71815.223891
510.0, 0.173, 508.0, 0.119, 535.0, 0.069, 532.0, 0.487, 1019.0, 0.494, 71056.371284
527.0, 0.758, 525.0, 0.637, 529.0, 0.72, 503.0, 0.856, 974.0, 0.453, 73780.614592
514.0, 0.741, 511.0, 0.794, 539.0, 0.833, 520.0, 0.815, 970.0, 0.479, 73651.059625
513.0, 0.414, 527.0, 0.97, 525.0, 0.171, 519.0, 0.07, 939.0, 0.505, 64775.15874900001
537.0, 0.191, 540.0, 0.443, 532.0, 0.514, 531.0, 0.062, 908.0, 0.474, 67294.453366
517.0, 0.381, 528.0, 0.382, 508.0, 0.607, 520.0, 0.829, 922.0, 0.439, 70400.213801
502.0, 0.944, 534.0, 0.234, 526.0, 0.149, 535.0, 0.313, 916.0, 0.594, 67136.37226599999
501.0, 0.848, 538.0, 0.73, 507.0, 0.969, 528.0, 0.25, 949.0, 0.547, 70294.648617
528.0, 0.509, 534.0, 0.002, 531.0, 0.441, 529.0, 0.353, 1073.0, 0.526, 74757.481913
502.0, 0.075, 511.0, 0.979, 538.0, 0.213, 528.0, 0.1, 1040.0, 0.578, 70920.60986499999
505.0, 0.775, 503.0, 0.305, 530.0, 0.033, 517.0, 0.356, 973.0, 0.439, 64485.105142
511.0, 0.12, 535.0, 0.99, 513.0, 0.302, 517.0, 0.924, 1071.0, 0.533, 79367.50412199998
513.0, 0.544, 524.0, 0.852, 501.0, 0.061, 513.0, 0.445, 1065.0, 0.47, 73609.880454
502.0, 0.173, 537.0, 0.057, 514.0, 0.945, 510.0, 0.148, 919.0, 0.47, 63054.59384999999
525.0, 0.633, 519.0, 0.461, 503.0, 0.552, 501.0, 0.317, 1026.0, 0.485, 73014.70006100001
540.0, 0.737, 521.0, 0.021, 524.0, 0.408, 533.0, 0.777, 1074.0, 0.593, 79475.77831
538.0, 0.945, 503.0, 0.078, 506.0, 0.521, 502.0, 0.604, 1054.0, 0.406, 73239.981471
511.0, 0.27, 510.0, 0.266, 512.0, 0.803, 534.0, 0.799, 907.0, 0.508, 69327.70429
525.0, 0.997, 506.0, 0.716, 507.0, 0.389, 530.0, 0.285, 1055.0, 0.405, 75336.454376
535.0, 0.635, 505.0, 0.172, 536.0, 0.14, 536.0, 0.43, 964.0, 0.54, 71450.694736
501.0, 0.686, 510.0, 0.457, 535.0, 0.711, 524.0, 0.182, 1041.0, 0.532, 75933.097627
511.0, 0.904, 540.0, 0.323, 540.0, 0.943, 531.0, 0.466, 973.0, 0.496, 74701.031351
505.0, 0.704, 522.0, 0.331, 504.0, 0.138, 505.0, 0.58, 945.0, 0.466, 66261.20094899999
517.0, 0.708, 511.0, 0.498, 523.0, 0.143, 532.0, 0.032, 1041.0, 0.469, 67372.0016
504.0, 0.748, 511.0, 0.589, 508.0, 0.934, 502.0, 0.712, 935.0, 0.411, 68657.96774200001
524.0, 0.333, 530.0, 0.756, 515.0, 0.916, 536.0, 0.974, 940.0, 0.536, 72791.13552899999
522.0, 0.31, 511.0, 0.441, 538.0, 0.791, 523.0, 0.064, 1088.0, 0.442, 78177.169871
533.0, 0.514, 531.0, 0.397, 521.0, 0.347, 513.0, 0.608, 991.0, 0.582, 75011.591009
531.0, 0.551, 506.0, 0.715, 501.0, 0.142, 528.0, 0.127, 1043.0, 0.409, 69865.727186
530.0, 0.33, 504.0, 0.029, 511.0, 0.632, 536.0, 0.049, 906.0, 0.514, 58900.611882000005
525.0, 0.733, 535.0, 0.903, 519.0, 0.13, 529.0, 0.087, 1080.0, 0.483, 74900.39994999999
503.0, 0.536, 519.0, 0.247, 534.0, 0.104, 512.0, 0.222, 914.0, 0.495, 62789.062346000006
512.0, 0.12, 504.0, 0.249, 537.0, 0.298, 526.0, 0.67, 932.0, 0.447, 70193.27506299998
526.0, 0.697, 516.0, 0.018, 514.0, 0.006, 504.0, 0.381, 1004.0, 0.543, 57795.443675999995
503.0, 0.647, 536.0, 0.936, 540.0, 0.537, 530.0, 0.985, 1070.0, 0.528, 82048.517859
502.0, 0.61, 501.0, 0.994, 534.0, 0.932, 518.0, 0.192, 1009.0, 0.595, 73306.296073
512.0, 0.247, 514.0, 0.81, 522.0, 0.841, 538.0, 0.43, 930.0, 0.554, 70375.491458
531.0, 0.861, 530.0, 0.938, 533.0, 0.916, 517.0, 0.54, 1088.0, 0.505, 82077.306541
507.0, 0.757, 538.0, 0.579, 524.0, 0.736, 535.0, 0.537, 914.0, 0.533, 70144.389605
523.0, 0.801, 524.0, 0.614, 524.0, 0.085, 507.0, 0.938, 944.0, 0.45, 69011.91537700001
513.0, 0.132, 520.0, 0.747, 533.0, 0.999, 502.0, 0.148, 992.0, 0.458, 72050.624907
532.0, 0.302, 526.0, 0.205, 516.0, 0.282, 521.0, 0.004, 998.0, 0.52, 63402.407523999995
535.0, 0.587, 530.0, 0.385, 538.0, 0.072, 505.0, 0.204, 991.0, 0.417, 68443.08975999999
514.0, 0.483, 528.0, 0.045, 533.0, 0.838, 501.0, 0.817, 1049.0, 0.445, 76769.721141
500.0, 0.152, 521.0, 0.72, 536.0, 0.1, 536.0, 0.776, 931.0, 0.404, 69834.147458
523.0, 0.099, 510.0, 0.43, 513.0, 0.083, 506.0, 0.693, 997.0, 0.568, 69087.20994700001
514.0, 0.292, 511.0, 0.538, 514.0, 0.367, 535.0, 0.834, 923.0, 0.578, 70637.51562
538.0, 0.955, 527.0, 0.501, 506.0, 0.803, 501.0, 0.545, 1093.0, 0.5, 80196.71038799999
507.0, 0.25, 527.0, 0.55, 512.0, 0.267, 514.0, 0.594, 927.0, 0.54, 68508.536199
529.0, 0.147, 503.0, 0.71, 518.0, 0.26, 528.0, 0.507, 1097.0, 0.501, 79885.346865
535.0, 0.002, 522.0, 0.174, 521.0, 0.431, 520.0, 0.069, 936.0, 0.425, 58284.20513900001
523.0, 0.747, 504.0, 0.283, 500.0, 0.617, 517.0, 0.514, 1079.0, 0.453, 77451.77721400002
518.0, 0.715, 533.0, 0.743, 528.0, 0.928, 520.0, 0.653, 1027.0, 0.576, 78178.821866
505.0, 0.313, 509.0, 0.49, 533.0, 0.307, 504.0, 0.274, 1003.0, 0.408, 70634.769322
531.0, 0.86, 505.0, 0.161, 516.0, 0.451, 533.0, 0.587, 1072.0, 0.452, 79134.410385
526.0, 0.538, 512.0, 0.251, 535.0, 0.375, 502.0, 0.676, 929.0, 0.458, 69447.35158799999
500.0, 0.545, 529.0, 0.21, 511.0, 0.303, 523.0, 0.574, 955.0, 0.575, 70734.350282
508.0, 0.119, 502.0, 0.527, 503.0, 0.393, 514.0, 0.827, 1085.0, 0.411, 77574.522036
514.0, 0.915, 528.0, 0.834, 507.0, 0.406, 518.0, 0.038, 944.0, 0.445, 65185.494062
521.0, 0.11, 504.0, 0.833, 528.0, 0.58, 501.0, 0.599, 994.0, 0.51, 72569.705304
535.0, 0.136, 530.0, 0.008, 531.0, 0.874, 536.0, 0.139, 1077.0, 0.451, 73230.977238
538.0, 0.775, 510.0, 0.939, 516.0, 0.979, 536.0, 0.861, 981.0, 0.573, 74491.536123
524.0, 0.447, 527.0, 0.458, 531.0, 0.625, 534.0, 0.984, 930.0, 0.427, 73012.90718400001
523.0, 0.145, 515.0, 0.57, 520.0, 0.209, 540.0, 0.866, 1001.0, 0.413, 76259.33005
510.0, 0.197, 512.0, 0.38, 523.0, 0.683, 522.0, 0.719, 962.0, 0.41, 72828.58636700001
525.0, 0.668, 537.0, 0.189, 528.0, 0.881, 518.0, 0.252, 965.0, 0.578, 72300.72478199999
507.0, 0.462, 540.0, 0.669, 505.0, 0.235, 528.0, 0.225, 938.0, 0.445, 67830.74282799999
510.0, 0.154, 530.0, 0.81, 537.0, 0.144, 501.0, 0.048, 991.0, 0.44, 65694.83757799999
532.0, 0.1, 536.0, 0.283, 506.0, 0.035, 507.0, 0.754, 1001.0, 0.549, 69354.79673599999
531.0, 0.039, 512.0, 0.972, 522.0, 0.528, 505.0, 0.118, 1096.0, 0.59, 74608.544857
537.0, 0.282, 520.0, 0.297, 516.0, 0.35, 535.0, 0.009, 1056.0, 0.434, 68796.51627100001
501.0, 0.969, 512.0, 0.752, 503.0, 0.341, 509.0, 0.877, 906.0, 0.524, 65970.716147
507.0, 0.787, 502.0, 0.709, 536.0, 0.746, 540.0, 0.592, 910.0, 0.596, 69214.91870499999
536.0, 0.97, 510.0, 0.897, 524.0, 0.456, 540.0, 0.023, 1087.0, 0.486, 75902.703572
525.0, 0.768, 510.0, 0.646, 501.0, 0.336, 525.0, 0.46, 982.0, 0.413, 71427.815548
509.0, 0.552, 519.0, 0.095, 528.0, 0.805, 508.0, 0.446, 939.0, 0.535, 68752.090442
528.0, 0.619, 517.0, 0.805, 513.0, 0.572, 540.0, 0.055, 1032.0, 0.503, 73336.30592599999
540.0, 0.528, 531.0, 0.566, 508.0, 0.237, 527.0, 0.263, 1002.0, 0.567, 73589.927975
511.0, 0.056, 533.0, 0.999, 511.0, 0.668, 538.0, 0.789, 1063.0, 0.406, 79974.404484
506.0, 0.337, 538.0, 0.184, 528.0, 0.372, 531.0, 0.859, 997.0, 0.404, 77115.785866
527.0, 0.99, 503.0, 0.835, 517.0, 0.318, 518.0, 0.947, 966.0, 0.485, 71432.65447800001
525.0, 0.264, 503.0, 0.384, 511.0, 0.891, 540.0, 0.404, 986.0, 0.528, 74110.84260399999
539.0, 0.567, 520.0, 0.529, 511.0, 0.982, 519.0, 0.023, 1086.0, 0.472, 76982.554158
528.0, 0.747, 540.0, 0.847, 530.0, 0.98, 507.0, 0.459, 1032.0, 0.59, 78072.2763
530.0, 0.68, 505.0, 0.757, 502.0, 0.31, 515.0, 0.541, 1020.0, 0.595, 73860.202981
537.0, 0.238, 515.0, 0.843, 511.0, 0.427, 510.0, 0.505, 1042.0, 0.587, 76383.13598800001
501.0, 0.036, 515.0, 0.433, 531.0, 0.059, 534.0, 0.323, 1010.0, 0.42, 68347.243664
536.0, 0.668, 540.0, 0.232, 523.0, 0.523, 537.0, 0.045, 1024.0, 0.549, 73564.101574
540.0, 0.679, 537.0, 0.294, 538.0, 0.233, 535.0, 0.432, 1039.0, 0.402, 79364.652732
503.0, 0.935, 534.0, 0.26, 540.0, 0.857, 532.0, 0.016, 985.0, 0.429, 71027.46803999999
527.0, 0.005, 520.0, 0.364, 501.0, 0.83, 534.0, 0.637, 960.0, 0.485, 70158.628498
518.0, 0.192, 505.0, 0.441, 531.0, 0.376, 512.0, 0.782, 992.0, 0.479, 74276.50651199999
511.0, 0.347, 538.0, 0.628, 525.0, 0.871, 508.0, 0.011, 1029.0, 0.437, 74084.95839799999
530.0, 0.107, 513.0, 0.242, 531.0, 0.318, 531.0, 0.946, 964.0, 0.586, 74469.98056
513.0, 0.841, 516.0, 0.992, 500.0, 0.797, 521.0, 0.575, 1058.0, 0.467, 77542.887556
538.0, 0.291, 509.0, 0.852, 524.0, 0.804, 501.0, 0.708, 946.0, 0.568, 71055.10701899999
529.0, 0.55, 537.0, 0.771, 508.0, 0.639, 509.0, 0.203, 1074.0, 0.477, 78154.39882500001
532.0, 0.555, 508.0, 0.783, 532.0, 0.186, 540.0, 0.763, 1093.0, 0.527, 82830.762102
538.0, 0.058, 521.0, 0.325, 518.0, 0.191, 539.0, 0.501, 1056.0, 0.432, 77782.11642899999
533.0, 0.951, 540.0, 0.389, 500.0, 0.584, 537.0, 0.672, 937.0, 0.416, 71388.519971
527.0, 0.343, 514.0, 0.331, 536.0, 0.919, 540.0, 0.864, 1084.0, 0.401, 84552.047849
517.0, 0.34, 500.0, 0.365, 516.0, 0.961, 505.0, 0.123, 989.0, 0.579, 69270.310423
534.0, 0.35, 510.0, 0.559, 525.0, 0.357, 518.0, 0.359, 965.0, 0.55, 71572.31320900001
523.0, 0.155, 504.0, 0.896, 524.0, 0.053, 500.0, 0.071, 998.0, 0.485, 60982.28003999999
516.0, 0.068, 525.0, 0.829, 500.0, 0.761, 527.0, 0.575, 1037.0, 0.415, 76297.913549
527.0, 0.951, 506.0, 0.4, 536.0, 0.801, 536.0, 0.587, 967.0, 0.52, 73595.109906
517.0, 0.731, 528.0, 0.531, 535.0, 0.979, 518.0, 0.712, 1068.0, 0.428, 81554.762762
536.0, 0.269, 522.0, 0.317, 515.0, 0.774, 503.0, 0.118, 955.0, 0.59, 68374.250957
540.0, 0.39, 509.0, 0.017, 507.0, 0.857, 509.0, 0.23, 919.0, 0.598, 62581.374405
528.0, 0.308, 500.0, 0.142, 533.0, 0.888, 501.0, 0.542, 961.0, 0.547, 70878.323712
518.0, 0.177, 508.0, 0.955, 500.0, 0.016, 520.0, 0.456, 1055.0, 0.504, 70384.801695
525.0, 0.476, 501.0, 0.822, 507.0, 0.697, 511.0, 0.842, 1054.0, 0.582, 77897.25457399999
501.0, 0.383, 510.0, 0.853, 530.0, 0.171, 516.0, 0.259, 929.0, 0.456, 65504.184035000006
518.0, 0.823, 506.0, 0.005, 540.0, 0.141, 520.0, 0.05, 941.0, 0.549, 56219.90772999999
521.0, 0.047, 522.0, 0.225, 510.0, 0.969, 522.0, 0.504, 1057.0, 0.47, 76947.244856
517.0, 0.73, 512.0, 0.361, 517.0, 0.538, 516.0, 0.869, 1011.0, 0.511, 75801.350368
529.0, 0.693, 530.0, 0.802, 532.0, 0.033, 514.0, 0.36, 1023.0, 0.46, 72043.903158
523.0, 0.626, 518.0, 0.393, 537.0, 0.561, 537.0, 0.942, 1022.0, 0.513, 79689.62668799999
518.0, 0.824, 539.0, 0.175, 521.0, 0.215, 515.0, 0.186, 1022.0, 0.413, 70665.95111000001
539.0, 0.86, 517.0, 0.052, 527.0, 0.298, 507.0, 0.611, 989.0, 0.527, 70862.384047
505.0, 0.951, 514.0, 0.472, 527.0, 0.202, 517.0, 0.286, 1050.0, 0.51, 73939.294455
531.0, 0.375, 502.0, 0.754, 505.0, 0.804, 538.0, 0.03, 912.0, 0.501, 63730.50519200001
517.0, 0.378, 540.0, 0.372, 530.0, 0.127, 529.0, 0.287, 935.0, 0.433, 68872.266991
539.0, 0.078, 531.0, 0.128, 506.0, 0.201, 502.0, 0.215, 911.0, 0.553, 60636.970608
538.0, 0.011, 529.0, 0.532, 539.0, 0.336, 508.0, 0.222, 1022.0, 0.451, 71768.466252
505.0, 0.955, 512.0, 0.25, 537.0, 0.186, 519.0, 0.104, 1046.0, 0.472, 70112.05980700001
515.0, 0.808, 523.0, 0.516, 527.0, 0.109, 530.0, 0.108, 1058.0, 0.402, 71714.594533
503.0, 0.733, 538.0, 0.611, 540.0, 0.012, 526.0, 0.089, 1070.0, 0.458, 68982.17452599999
521.0, 0.51, 526.0, 0.506, 536.0, 0.98, 537.0, 0.523, 1014.0, 0.425, 78479.27207299999
510.0, 0.505, 532.0, 0.137, 536.0, 0.699, 528.0, 0.761, 962.0, 0.536, 74442.64259700001
508.0, 0.843, 506.0, 0.269, 509.0, 0.816, 528.0, 0.878, 985.0, 0.528, 73735.57935700001
504.0, 0.919, 500.0, 0.156, 513.0, 0.857, 530.0, 0.27, 904.0, 0.436, 64791.75303199999
526.0, 0.979, 508.0, 0.062, 500.0, 0.48, 501.0, 0.459, 918.0, 0.405, 62566.756559
536.0, 0.432, 520.0, 0.798, 521.0, 0.769, 538.0, 0.264, 909.0, 0.496, 68951.465165
501.0, 0.674, 535.0, 0.42, 520.0, 0.333, 539.0, 0.237, 904.0, 0.491, 67451.880115
509.0, 0.159, 511.0, 0.841, 535.0, 0.823, 511.0, 1.0, 955.0, 0.526, 72285.78419600001
530.0, 0.588, 527.0, 0.424, 510.0, 0.852, 525.0, 0.616, 990.0, 0.568, 75429.426101
517.0, 0.861, 506.0, 0.965, 536.0, 0.33, 524.0, 0.278, 1049.0, 0.402, 75842.082517
506.0, 0.493, 537.0, 0.878, 506.0, 0.819, 517.0, 0.726, 1061.0, 0.554, 79608.607525
527.0, 0.778, 507.0, 0.122, 534.0, 0.85, 538.0, 0.039, 909.0, 0.467, 64376.161982000005
505.0, 0.14, 520.0, 0.891, 523.0, 0.378, 528.0, 0.48, 981.0, 0.465, 72624.12798199999
514.0, 0.519, 531.0, 0.154, 526.0, 0.003, 527.0, 0.417, 978.0, 0.587, 65182.28419699999
540.0, 0.07, 518.0, 0.459, 514.0, 0.384, 526.0, 0.863, 1043.0, 0.444, 78654.850248
519.0, 0.774, 536.0, 0.345, 521.0, 0.174, 508.0, 0.841, 1057.0, 0.484, 77927.762114
513.0, 0.884, 530.0, 0.016, 502.0, 0.348, 524.0, 0.19, 981.0, 0.566, 64147.752541999995
509.0, 0.186, 508.0, 0.002, 528.0, 0.304, 520.0, 0.686, 967.0, 0.573, 66301.533022
535.0, 0.491, 507.0, 0.041, 538.0, 0.861, 530.0, 0.188, 1076.0, 0.445, 77123.513882
518.0, 0.472, 529.0, 0.669, 507.0, 0.91, 539.0, 0.174, 963.0, 0.428, 71489.358689
515.0, 0.863, 539.0, 0.941, 505.0, 0.329, 525.0, 0.083, 1090.0, 0.517, 76156.198787
509.0, 0.601, 500.0, 0.268, 517.0, 0.846, 530.0, 0.873, 1077.0, 0.476, 80950.231732
523.0, 0.058, 524.0, 0.485, 527.0, 0.012, 520.0, 0.492, 932.0, 0.497, 63068.880106000004
535.0, 0.779, 523.0, 0.663, 500.0, 0.162, 534.0, 0.267, 1054.0, 0.498, 75540.527994
502.0, 0.407, 511.0, 0.593, 530.0, 0.62, 508.0, 0.383, 939.0, 0.583, 69337.38794
512.0, 0.794, 521.0, 0.994, 503.0, 0.711, 505.0, 0.939, 1020.0, 0.562, 75235.321702
504.0, 0.767, 504.0, 0.465, 501.0, 0.962, 525.0, 0.2, 960.0, 0.553, 68459.984041
502.0, 0.078, 532.0, 0.709, 518.0, 0.969, 520.0, 0.712, 979.0, 0.519, 73718.932941
527.0, 0.993, 520.0, 0.079, 507.0, 0.16, 504.0, 0.156, 948.0, 0.402, 59972.779508
509.0, 0.45, 534.0, 0.657, 537.0, 0.214, 513.0, 0.441, 1023.0, 0.551, 75885.46405899999
516.0, 0.546, 506.0, 0.125, 533.0, 0.616, 502.0, 0.298, 1034.0, 0.493, 73246.352669
503.0, 0.511, 516.0, 0.751, 502.0, 0.399, 532.0, 0.371, 943.0, 0.484, 69036.817902
533.0, 0.58, 517.0, 0.946, 520.0, 0.697, 526.0, 0.044, 974.0, 0.441, 70161.477
530.0, 0.09, 524.0, 0.406, 528.0, 0.636, 531.0, 0.92, 944.0, 0.6, 73565.820295
536.0, 0.137, 521.0, 0.846, 511.0, 0.415, 513.0, 0.791, 945.0, 0.479, 70661.79707
521.0, 0.661, 501.0, 0.748, 514.0, 0.207, 507.0, 0.845, 1039.0, 0.599, 75169.715262
506.0, 0.723, 536.0, 0.198, 506.0, 0.694, 510.0, 0.396, 915.0, 0.472, 66816.51198
500.0, 0.791, 523.0, 0.853, 500.0, 0.127, 512.0, 0.563, 912.0, 0.453, 64777.963602
504.0, 0.382, 512.0, 0.589, 524.0, 0.154, 507.0, 0.978, 1037.0, 0.595, 75718.08595499999
504.0, 0.811, 538.0, 0.01, 509.0, 0.456, 540.0, 0.223, 990.0, 0.522, 67434.281678
539.0, 0.006, 537.0, 0.042, 517.0, 0.229, 501.0, 0.672, 904.0, 0.589, 61285.621709
520.0, 0.066, 537.0, 0.661, 515.0, 0.063, 537.0, 0.73, 952.0, 0.455, 70439.04531
511.0, 0.491, 507.0, 0.816, 534.0, 0.135, 537.0, 0.665, 980.0, 0.512, 73273.03132
518.0, 0.208, 511.0, 0.649, 510.0, 0.366, 539.0, 0.493, 1029.0, 0.478, 76689.042868
539.0, 0.195, 503.0, 0.95, 507.0, 0.932, 506.0, 0.648, 1076.0, 0.579, 78854.56596
534.0, 0.258, 529.0, 0.928, 537.0, 0.429, 511.0, 0.268, 923.0, 0.448, 68995.14300299999
521.0, 0.743, 524.0, 0.846, 515.0, 0.991, 540.0, 0.993, 1085.0, 0.428, 82858.45608599999
503.0, 0.166, 511.0, 0.879, 512.0, 0.277, 536.0, 0.803, 980.0, 0.505, 73079.536226
529.0, 0.648, 518.0, 0.091, 517.0, 0.865, 529.0, 0.723, 938.0, 0.445, 70739.316308
508.0, 0.563, 530.0, 0.787, 512.0, 0.82, 519.0, 0.585, 973.0, 0.573, 73157.316785
519.0, 0.177, 506.0, 0.906, 506.0, 0.147, 505.0, 0.956, 1038.0, 0.481, 73449.919947
510.0, 0.316, 514.0, 0.33, 522.0, 0.826, 527.0, 0.354, 976.0, 0.544, 72928.366066
521.0, 0.818, 512.0, 0.164, 531.0, 0.17, 509.0, 0.216, 1050.0, 0.44, 70712.19430900001
501.0, 0.209, 531.0, 0.326, 519.0, 0.115, 531.0, 0.149, 1008.0, 0.573, 68909.946106
518.0, 0.926, 511.0, 0.426, 520.0, 0.605, 501.0, 0.939, 1015.0, 0.491, 75052.57934799998
518.0, 0.804, 503.0, 0.337, 521.0, 0.018, 526.0, 0.935, 963.0, 0.468, 68204.583354
503.0, 0.856, 507.0, 0.49, 500.0, 0.066, 511.0, 0.388, 917.0, 0.463, 61595.301398999996
535.0, 0.077, 529.0, 0.731, 512.0, 0.85, 518.0, 0.092, 1037.0, 0.561, 73687.262812
532.0, 0.562, 533.0, 0.711, 535.0, 0.035, 503.0, 0.684, 1082.0, 0.461, 77284.49213200001
509.0, 0.63, 531.0, 0.29, 529.0, 0.081, 517.0, 0.489, 970.0, 0.541, 69888.068861
528.0, 0.419, 534.0, 0.702, 524.0, 0.267, 533.0, 0.116, 958.0, 0.46, 69744.23982999999
530.0, 0.156, 509.0, 0.014, 505.0, 0.858, 536.0, 0.328, 1097.0, 0.452, 75050.980758
506.0, 0.589, 507.0, 0.431, 507.0, 0.193, 508.0, 0.768, 942.0, 0.55, 67799.48388000001
526.0, 0.035, 516.0, 0.364, 539.0, 0.005, 523.0, 0.873, 1023.0, 0.447, 68995.521798
533.0, 0.668, 508.0, 0.22, 535.0, 0.554, 512.0, 0.188, 922.0, 0.529, 67232.171085
526.0, 0.455, 523.0, 0.309, 518.0, 0.394, 509.0, 0.517, 1100.0, 0.446, 80332.261891
501.0, 0.661, 523.0, 0.778, 522.0, 0.871, 515.0, 0.454, 981.0, 0.439, 73002.05194199999
521.0, 0.288, 519.0, 0.331, 505.0, 0.182, 501.0, 0.596, 1052.0, 0.45, 73308.90109799999
501.0, 0.29, 510.0, 0.315, 506.0, 0.158, 505.0, 0.735, 960.0, 0.49, 67378.51858
523.0, 0.177, 504.0, 0.991, 526.0, 0.52, 531.0, 0.629, 1061.0, 0.581, 79393.93334399999
514.0, 0.672, 519.0, 0.33, 517.0, 0.187, 540.0, 0.499, 1075.0, 0.478, 79542.716304
528.0, 0.161, 523.0, 0.489, 516.0, 0.591, 525.0, 0.817, 1064.0, 0.432, 81017.09057100001
507.0, 0.494, 512.0, 0.357, 518.0, 0.926, 538.0, 0.08, 1072.0, 0.576, 76218.546738
504.0, 0.768, 505.0, 0.674, 520.0, 0.224, 535.0, 0.484, 935.0, 0.525, 68992.478258
537.0, 0.933, 530.0, 0.961, 519.0, 0.464, 512.0, 0.164, 947.0, 0.583, 69012.54009999998
535.0, 0.824, 517.0, 0.159, 528.0, 0.439, 501.0, 0.099, 1090.0, 0.557, 74606.131231
530.0, 0.341, 515.0, 0.921, 527.0, 0.304, 519.0, 0.326, 1068.0, 0.593, 78015.112091
504.0, 0.835, 502.0, 0.077, 517.0, 0.164, 537.0, 0.98, 1012.0, 0.415, 73506.22479400001
518.0, 0.192, 502.0, 0.01, 530.0, 0.392, 540.0, 0.306, 1060.0, 0.465, 73018.93777700001
527.0, 0.649, 529.0, 0.824, 519.0, 0.14, 507.0, 0.983, 988.0, 0.525, 73171.13496099999
527.0, 0.256, 540.0, 0.253, 540.0, 0.937, 512.0, 0.4, 932.0, 0.593, 71963.085912
508.0, 0.648, 540.0, 0.007, 524.0, 0.155, 537.0, 0.551, 944.0, 0.402, 66301.441561
525.0, 0.379, 524.0, 0.796, 506.0, 0.428, 510.0, 0.357, 1006.0, 0.411, 72777.247276
536.0, 0.167, 521.0, 0.978, 502.0, 0.494, 510.0, 0.977, 948.0, 0.515, 70784.530937
514.0, 0.989, 516.0, 0.457, 512.0, 0.336, 539.0, 0.335, 1052.0, 0.54, 76936.12199399999
518.0, 0.162, 529.0, 0.082, 510.0, 0.101, 540.0, 0.85, 1092.0, 0.429, 78790.721217
526.0, 0.781, 504.0, 0.182, 502.0, 0.036, 532.0, 0.013, 985.0, 0.499, 54356.360631
539.0, 0.769, 523.0, 0.576, 533.0, 0.957, 520.0, 0.723, 928.0, 0.468, 71286.541092
527.0, 0.152, 508.0, 0.167, 521.0, 0.155, 506.0, 0.461, 1082.0, 0.584, 73933.73740799999
530.0, 0.712, 504.0, 0.797, 522.0, 0.526, 535.0, 0.424, 940.0, 0.458, 70498.714292
507.0, 0.655, 505.0, 0.276, 529.0, 0.485, 536.0, 0.445, 967.0, 0.477, 72741.83407399998
512.0, 0.368, 528.0, 0.299, 514.0, 0.44, 522.0, 0.421, 1019.0, 0.434, 75173.02611600001
518.0, 0.794, 525.0, 0.923, 530.0, 0.744, 526.0, 0.302, 905.0, 0.586, 67838.99150100001
521.0, 0.012, 518.0, 0.906, 540.0, 0.636, 509.0, 0.951, 1052.0, 0.531, 77993.51128400001
524.0, 0.539, 524.0, 0.947, 535.0, 0.682, 529.0, 0.974, 1004.0, 0.444, 77141.232959
523.0, 0.479, 540.0, 0.114, 527.0, 0.783, 529.0, 0.893, 996.0, 0.511, 77215.146798
509.0, 0.419, 503.0, 0.047, 516.0, 0.532, 524.0, 0.423, 1097.0, 0.456, 76290.64032
521.0, 0.748, 506.0, 0.067, 538.0, 0.423, 510.0, 0.663, 1018.0, 0.559, 74337.70070199999
539.0, 0.426, 522.0, 0.336, 518.0, 0.848, 528.0, 0.58, 1083.0, 0.55, 82786.51467799999
520.0, 0.73, 512.0, 0.613, 504.0, 0.176, 515.0, 0.564, 909.0, 0.493, 65647.098274
525.0, 0.635, 504.0, 0.466, 529.0, 0.729, 508.0, 0.003, 1098.0, 0.598, 75529.529336
500.0, 0.54, 500.0, 0.47, 532.0, 0.159, 532.0, 0.977, 994.0, 0.578, 74890.27128
530.0, 0.247, 523.0, 0.945, 517.0, 0.478, 522.0, 0.586, 1077.0, 0.543, 80525.17701700001
523.0, 0.677, 518.0, 0.1, 534.0, 0.12, 514.0, 0.444, 1043.0, 0.444, 72577.50122900002
503.0, 0.692, 504.0, 0.822, 521.0, 0.192, 536.0, 0.545, 1037.0, 0.482, 75932.42317699999
512.0, 0.528, 510.0, 0.289, 503.0, 0.649, 513.0, 0.302, 1060.0, 0.575, 74941.052656
538.0, 0.878, 521.0, 0.989, 538.0, 0.429, 513.0, 0.077, 1047.0, 0.517, 75705.156475
537.0, 0.089, 513.0, 0.376, 510.0, 0.121, 508.0, 0.626, 909.0, 0.452, 64292.114035
505.0, 0.127, 538.0, 0.985, 522.0, 0.365, 533.0, 0.409, 905.0, 0.571, 67871.45077299999
501.0, 0.58, 518.0, 0.306, 536.0, 0.976, 501.0, 0.548, 1033.0, 0.598, 77047.40736199998
519.0, 0.143, 502.0, 0.949, 515.0, 0.475, 512.0, 0.057, 1059.0, 0.576, 70561.732321
535.0, 0.77, 540.0, 0.02, 523.0, 0.681, 515.0, 0.967, 1022.0, 0.57, 75621.15006300001
527.0, 0.307, 531.0, 0.179, 510.0, 0.135, 520.0, 0.391, 1017.0, 0.477, 71747.04375999999
521.0, 0.649, 502.0, 0.736, 502.0, 0.069, 521.0, 0.847, 1023.0, 0.426, 72910.73920600001
513.0, 0.825, 516.0, 0.09, 515.0, 0.768, 528.0, 0.277, 1092.0, 0.544, 77644.4438
530.0, 0.996, 530.0, 0.577, 500.0, 0.973, 522.0, 0.862, 951.0, 0.524, 71715.203029
524.0, 0.183, 504.0, 0.825, 513.0, 0.006, 540.0, 0.032, 1057.0, 0.47, 61125.51839499999
515.0, 0.409, 518.0, 0.66, 511.0, 0.11, 518.0, 0.572, 1008.0, 0.481, 72280.54739500002
527.0, 0.445, 515.0, 0.592, 503.0, 0.529, 514.0, 0.733, 997.0, 0.506, 74272.86958
525.0, 0.776, 504.0, 0.934, 502.0, 0.718, 533.0, 0.819, 978.0, 0.443, 73192.371664
517.0, 0.45, 531.0, 0.122, 521.0, 0.895, 506.0, 0.064, 1097.0, 0.412, 75252.259572
504.0, 0.347, 529.0, 0.102, 536.0, 0.302, 510.0, 0.351, 932.0, 0.462, 67063.335992
522.0, 0.353, 527.0, 0.582, 527.0, 0.4, 530.0, 0.609, 1031.0, 0.484, 78973.217316
536.0, 0.759, 502.0, 0.299, 531.0, 0.293, 530.0, 0.168, 986.0, 0.599, 71116.41606099998
510.0, 0.112, 505.0, 0.811, 540.0, 0.377, 517.0, 0.066, 986.0, 0.422, 67717.197139
508.0, 0.727, 509.0, 0.858, 523.0, 0.044, 502.0, 0.341, 1079.0, 0.448, 71190.802947
515.0, 0.215, 527.0, 0.003, 532.0, 0.664, 507.0, 0.02, 959.0, 0.492, 56881.767358000005
536.0, 0.17, 521.0, 0.32, 512.0, 0.679, 505.0, 0.752, 925.0, 0.584, 69696.325647
531.0, 0.456, 519.0, 0.596, 531.0, 0.573, 522.0, 0.313, 1058.0, 0.596, 79387.603208
534.0, 0.576, 532.0, 0.23, 533.0, 0.304, 503.0, 0.258, 924.0, 0.558, 67763.07659599998
521.0, 0.264, 503.0, 0.415, 500.0, 0.637, 523.0, 0.974, 952.0, 0.57, 71657.658944
518.0, 0.977, 518.0, 0.158, 503.0, 0.238, 536.0, 0.712, 1064.0, 0.429, 77440.527054
509.0, 0.034, 540.0, 0.465, 508.0, 0.035, 537.0, 0.142, 921.0, 0.505, 60192.731361000006
540.0, 0.214, 532.0, 0.495, 522.0, 0.628, 520.0, 0.25, 1011.0, 0.466, 75685.280016
529.0, 0.491, 529.0, 0.104, 501.0, 0.894, 510.0, 0.958, 1064.0, 0.578, 78821.10420999999
535.0, 0.123, 506.0, 0.186, 528.0, 0.997, 533.0, 0.881, 925.0, 0.433, 71293.772755
501.0, 0.812, 532.0, 0.7, 501.0, 0.98, 536.0, 0.87, 1091.0, 0.489, 82471.07456400001
500.0, 0.252, 514.0, 0.195, 535.0, 0.235, 535.0, 0.475, 1001.0, 0.589, 74742.70360200001
527.0, 0.317, 523.0, 0.048, 505.0, 0.37, 527.0, 0.123, 1061.0, 0.478, 69136.790662
514.0, 0.33, 500.0, 0.135, 534.0, 0.043, 536.0, 0.451, 1063.0, 0.426, 72487.787653
538.0, 0.877, 514.0, 0.22, 515.0, 0.27, 502.0, 0.737, 1030.0, 0.478, 74229.661224
531.0, 0.429, 521.0, 0.603, 523.0, 0.267, 517.0, 0.103, 1071.0, 0.454, 74622.361245
525.0, 0.901, 502.0, 0.758, 503.0, 0.589, 510.0, 0.158, 953.0, 0.45, 66553.634738
505.0, 0.58, 513.0, 0.055, 530.0, 0.944, 532.0, 0.358, 1026.0, 0.441, 74715.76676999999
533.0, 0.56, 508.0, 0.505, 530.0, 0.312, 538.0, 0.566, 990.0, 0.579, 75835.105104
521.0, 0.611, 529.0, 0.813, 505.0, 0.257, 521.0, 0.983, 902.0, 0.598, 68054.89086700001
524.0, 0.141, 511.0, 0.219, 528.0, 0.342, 538.0, 0.204, 1076.0, 0.551, 77338.73816100002
515.0, 0.983, 501.0, 0.504, 501.0, 0.296, 515.0, 0.36, 1037.0, 0.555, 72279.095317
502.0, 0.965, 507.0, 0.735, 535.0, 0.512, 511.0, 0.497, 917.0, 0.497, 67598.33362499998
524.0, 0.165, 524.0, 0.247, 528.0, 0.188, 522.0, 0.398, 1025.0, 0.484, 74316.79131
515.0, 0.35, 539.0, 0.288, 521.0, 0.759, 540.0, 0.5, 1094.0, 0.593, 84352.12197200001
539.0, 0.911, 526.0, 0.995, 522.0, 0.334, 511.0, 0.756, 973.0, 0.576, 72598.170367
531.0, 0.078, 509.0, 0.334, 508.0, 0.509, 533.0, 0.534, 1003.0, 0.462, 74340.54272499999
518.0, 0.993, 531.0, 0.522, 507.0, 0.76, 522.0, 0.631, 1054.0, 0.575, 78751.907491
529.0, 0.513, 532.0, 0.651, 515.0, 0.41, 535.0, 0.083, 1055.0, 0.567, 75876.35861099999
520.0, 0.633, 530.0, 0.875, 538.0, 0.766, 506.0, 0.398, 1081.0, 0.525, 81004.46527100001
514.0, 0.45, 532.0, 0.521, 506.0, 0.737, 511.0, 0.712, 906.0, 0.566, 68531.263445
519.0, 0.064, 532.0, 0.523, 513.0, 0.67, 505.0, 0.56, 1089.0, 0.439, 79205.52734999999
509.0, 0.746, 508.0, 0.766, 502.0, 0.846, 512.0, 0.63, 997.0, 0.491, 72909.93715400001
503.0, 0.633, 531.0, 0.76, 501.0, 0.81, 527.0, 0.58, 1003.0, 0.583, 75118.081191
537.0, 0.601, 518.0, 0.736, 510.0, 0.547, 535.0, 0.15, 957.0, 0.43, 70073.642059
539.0, 0.979, 534.0, 0.175, 530.0, 0.861, 517.0, 0.222, 943.0, 0.489, 69955.306492
510.0, 0.741, 500.0, 0.616, 526.0, 0.208, 501.0, 0.911, 1092.0, 0.459, 78302.438088
512.0, 0.59, 532.0, 0.4, 506.0, 0.973, 529.0, 0.658, 1074.0, 0.567, 81372.78640299999
523.0, 0.78, 511.0, 0.85, 512.0, 0.267, 511.0, 0.071, 1039.0, 0.52, 70054.381741
510.0, 0.977, 505.0, 0.959, 536.0, 0.891, 513.0, 0.205, 1073.0, 0.441, 77814.42947899998
511.0, 0.969, 503.0, 0.252, 537.0, 0.869, 516.0, 0.639, 973.0, 0.505, 72675.90869499999
506.0, 0.373, 516.0, 0.779, 534.0, 0.631, 504.0, 0.259, 913.0, 0.427, 67037.28924499999
517.0, 0.862, 502.0, 0.33, 515.0, 0.689, 500.0, 0.894, 967.0, 0.44, 70871.494895
506.0, 0.854, 531.0, 0.232, 509.0, 0.285, 531.0, 0.276, 1086.0, 0.535, 77419.66457899999
512.0, 0.159, 514.0, 0.874, 538.0, 0.288, 529.0, 0.798, 980.0, 0.445, 74225.724492
513.0, 0.746, 540.0, 0.257, 528.0, 0.259, 540.0, 0.134, 1029.0, 0.579, 74801.95523800001
530.0, 0.497, 501.0, 0.461, 536.0, 0.597, 520.0, 0.869, 967.0, 0.468, 74278.087355
533.0, 0.216, 531.0, 0.169, 539.0, 0.978, 527.0, 0.193, 952.0, 0.404, 71944.172354
534.0, 0.436, 503.0, 0.088, 521.0, 0.297, 538.0, 0.198, 977.0, 0.433, 68806.01510199999
536.0, 0.69, 522.0, 0.165, 502.0, 0.492, 507.0, 0.252, 954.0, 0.434, 66921.814057
513.0, 0.563, 511.0, 0.619, 533.0, 0.129, 530.0, 0.875, 964.0, 0.498, 72588.20810100001
537.0, 0.233, 538.0, 0.405, 506.0, 0.126, 520.0, 0.844, 927.0, 0.576, 70022.19481
501.0, 0.99, 503.0, 0.481, 533.0, 0.808, 514.0, 0.673, 932.0, 0.414, 69433.77884
505.0, 0.237, 532.0, 0.621, 513.0, 0.914, 527.0, 0.38, 977.0, 0.445, 73274.807734
500.0, 0.511, 514.0, 0.576, 501.0, 0.309, 514.0, 0.103, 1044.0, 0.413, 68583.26073899999
528.0, 0.663, 511.0, 0.421, 540.0, 0.609, 512.0, 0.018, 960.0, 0.464, 68594.641454
501.0, 0.545, 501.0, 0.232, 507.0, 0.556, 517.0, 0.8, 1099.0, 0.537, 79808.66416999999
511.0, 0.08, 528.0, 0.94, 505.0, 0.946, 516.0, 0.551, 1000.0, 0.445, 73422.315764
515.0, 0.537, 502.0, 0.234, 521.0, 0.257, 502.0, 0.31, 1086.0, 0.529, 73930.95673100001
527.0, 0.924, 520.0, 0.759, 533.0, 0.288, 539.0, 0.889, 908.0, 0.487, 69310.230117
528.0, 0.679, 530.0, 0.625, 523.0, 0.878, 511.0, 0.129, 940.0, 0.441, 69575.997036
508.0, 0.165, 506.0, 0.075, 531.0, 0.026, 508.0, 0.344, 1045.0, 0.511, 62970.944372
510.0, 0.399, 510.0, 0.427, 536.0, 0.106, 518.0, 0.707, 955.0, 0.532, 70377.63512299999
517.0, 0.574, 529.0, 0.139, 540.0, 0.892, 530.0, 0.365, 912.0, 0.419, 69663.65986
522.0, 0.221, 532.0, 0.573, 527.0, 0.365, 533.0, 0.18, 1016.0, 0.545, 75063.873768
535.0, 0.151, 507.0, 0.359, 504.0, 0.552, 523.0, 0.645, 968.0, 0.499, 72142.374516
508.0, 0.444, 534.0, 0.066, 501.0, 0.449, 528.0, 0.877, 938.0, 0.422, 69704.37072
517.0, 0.349, 525.0, 0.225, 512.0, 0.873, 504.0, 0.602, 998.0, 0.483, 73725.87545400001
516.0, 0.34, 529.0, 0.986, 521.0, 0.619, 516.0, 0.577, 976.0, 0.442, 73278.43367099999
503.0, 0.399, 529.0, 0.573, 532.0, 0.002, 517.0, 0.858, 925.0, 0.439, 65445.488202
526.0, 0.588, 513.0, 0.717, 534.0, 0.949, 535.0, 0.329, 1035.0, 0.466, 78355.226524
528.0, 0.266, 531.0, 0.421, 518.0, 0.388, 518.0, 0.013, 946.0, 0.458, 64506.38853200001
502.0, 0.463, 537.0, 0.08, 521.0, 0.874, 528.0, 0.025, 1050.0, 0.598, 70810.898096
533.0, 0.087, 505.0, 0.548, 516.0, 0.094, 510.0, 0.098, 1013.0, 0.591, 63875.111262
507.0, 0.008, 521.0, 0.363, 514.0, 0.246, 529.0, 0.855, 1017.0, 0.53, 73833.61324199999
537.0, 0.538, 505.0, 0.109, 503.0, 0.316, 540.0, 0.094, 1069.0, 0.512, 71141.281531
521.0, 0.328, 502.0, 0.425, 526.0, 0.208, 518.0, 0.301, 1033.0, 0.595, 73433.175953
503.0, 0.671, 527.0, 0.166, 533.0, 0.963, 523.0, 0.535, 963.0, 0.52, 72950.367479
540.0, 0.701, 537.0, 0.26, 514.0, 0.137, 536.0, 0.572, 945.0, 0.446, 71429.81162000001
518.0, 0.605, 539.0, 0.764, 500.0, 0.155, 515.0, 0.164, 946.0, 0.45, 66069.58820099999
529.0, 0.77, 525.0, 0.72, 517.0, 0.855, 539.0, 0.809, 929.0, 0.427, 71309.994794
538.0, 0.783, 502.0, 0.838, 509.0, 0.567, 531.0, 0.8, 958.0, 0.418, 72084.845015
527.0, 0.447, 514.0, 0.787, 532.0, 0.76, 524.0, 0.107, 995.0, 0.406, 73080.271379
524.0, 0.012, 512.0, 0.782, 502.0, 0.5, 535.0, 0.118, 1049.0, 0.553, 70369.86332499998
527.0, 0.479, 506.0, 0.401, 509.0, 0.144, 517.0, 0.707, 927.0, 0.506, 67618.46636
528.0, 0.462, 518.0, 0.902, 529.0, 0.063, 511.0, 0.351, 1015.0, 0.537, 71197.75520300001
515.0, 0.261, 534.0, 0.936, 528.0, 0.736, 520.0, 0.641, 1036.0, 0.437, 78632.56104799999
539.0, 0.921, 511.0, 0.332, 540.0, 0.468, 539.0, 0.358, 981.0, 0.511, 74419.655884
516.0, 0.004, 501.0, 0.775, 515.0, 0.576, 523.0, 0.998, 953.0, 0.508, 69357.861183
521.0, 0.77, 539.0, 0.551, 540.0, 0.275, 535.0, 0.45, 995.0, 0.466, 76133.63164599998
501.0, 0.753, 504.0, 0.688, 521.0, 0.856, 539.0, 0.542, 1068.0, 0.462, 79942.32856599998
539.0, 0.06, 526.0, 0.852, 527.0, 0.591, 524.0, 0.501, 975.0, 0.459, 73403.148823
502.0, 0.778, 503.0, 0.525, 503.0, 0.192, 520.0, 0.461, 915.0, 0.484, 64845.044212
523.0, 0.305, 519.0, 0.672, 533.0, 0.183, 537.0, 0.569, 912.0, 0.574, 69732.83545399999
500.0, 0.258, 508.0, 0.19, 501.0, 0.906, 531.0, 0.794, 977.0, 0.438, 72541.068726
504.0, 0.493, 509.0, 0.379, 518.0, 0.982, 501.0, 0.373, 928.0, 0.434, 67505.23070900001
525.0, 0.817, 513.0, 0.734, 530.0, 0.532, 505.0, 0.695, 930.0, 0.421, 69473.82367999999
514.0, 0.754, 501.0, 0.671, 525.0, 0.769, 537.0, 0.705, 942.0, 0.555, 71493.146843
515.0, 0.724, 529.0, 0.492, 538.0, 0.248, 514.0, 0.821, 1034.0, 0.582, 78322.776935
516.0, 0.413, 505.0, 0.404, 538.0, 0.43, 501.0, 0.297, 977.0, 0.521, 70819.89464199998
539.0, 0.055, 515.0, 0.51, 515.0, 0.869, 505.0, 0.908, 1008.0, 0.591, 75199.80334
522.0, 0.068, 536.0, 0.547, 535.0, 0.414, 505.0, 0.584, 970.0, 0.531, 72850.840529
540.0, 0.242, 513.0, 0.573, 528.0, 0.259, 527.0, 0.953, 1082.0, 0.437, 82668.732296
539.0, 0.193, 506.0, 0.765, 528.0, 0.466, 533.0, 0.621, 1066.0, 0.525, 81008.41902
523.0, 0.205, 500.0, 0.076, 513.0, 0.469, 510.0, 0.767, 1078.0, 0.575, 76452.857855
505.0, 0.297, 534.0, 0.235, 530.0, 0.58, 504.0, 0.48, 1093.0, 0.506, 80542.872734
522.0, 0.09, 517.0, 0.61, 530.0, 0.197, 531.0, 0.873, 932.0, 0.488, 70939.407163
518.0, 0.866, 516.0, 0.385, 534.0, 0.59, 500.0, 0.178, 917.0, 0.542, 66457.309336
535.0, 0.875, 516.0, 0.327, 511.0, 0.26, 511.0, 0.392, 1061.0, 0.428, 75076.374068
527.0, 0.424, 505.0, 0.45, 523.0, 0.238, 514.0, 0.186, 1062.0, 0.409, 73046.035258
513.0, 0.982, 529.0, 0.597, 517.0, 0.987, 525.0, 0.293, 1008.0, 0.503, 74708.34949400001
502.0, 0.243, 514.0, 0.745, 534.0, 0.752, 502.0, 0.125, 1006.0, 0.423, 71892.11730599999
516.0, 0.08, 518.0, 0.0, 524.0, 0.713, 516.0, 0.939, 980.0, 0.508, 74259.902279
507.0, 0.621, 536.0, 0.95, 540.0, 0.977, 540.0, 0.108, 1086.0, 0.446, 81268.279011
529.0, 0.262, 524.0, 0.58, 540.0, 0.0, 529.0, 0.856, 1042.0, 0.429, 81208.46170600002
506.0, 0.56, 510.0, 0.776, 508.0, 0.202, 526.0, 0.117, 978.0, 0.589, 66653.97747700001
532.0, 0.3, 515.0, 0.574, 518.0, 0.523, 517.0, 0.564, 960.0, 0.554, 72378.846482
515.0, 0.537, 538.0, 0.503, 515.0, 0.005, 531.0, 0.625, 929.0, 0.412, 67534.22168599999
540.0, 0.303, 503.0, 0.037, 522.0, 0.205, 509.0, 0.983, 1087.0, 0.41, 76483.581986
505.0, 0.218, 532.0, 0.631, 506.0, 0.083, 514.0, 0.849, 999.0, 0.574, 72065.683714
513.0, 0.527, 524.0, 0.218, 533.0, 0.189, 500.0, 0.165, 1029.0, 0.434, 69364.09478000001
523.0, 0.352, 536.0, 0.144, 516.0, 0.545, 522.0, 0.066, 1021.0, 0.478, 70333.43268
529.0, 0.629, 509.0, 0.702, 513.0, 0.625, 517.0, 0.702, 963.0, 0.453, 72152.093547
539.0, 0.724, 529.0, 0.673, 528.0, 0.55, 503.0, 0.313, 1079.0, 0.423, 79816.219772
500.0, 0.093, 517.0, 0.882, 500.0, 0.945, 528.0, 0.212, 1074.0, 0.537, 75801.12288
506.0, 0.001, 517.0, 0.846, 501.0, 0.298, 538.0, 0.732, 972.0, 0.481, 68956.02466299999
503.0, 0.055, 515.0, 0.605, 504.0, 0.606, 540.0, 0.008, 957.0, 0.471, 61003.508541999996
520.0, 0.651, 532.0, 0.359, 525.0, 0.859, 533.0, 0.961, 1059.0, 0.441, 82079.50807499999
522.0, 0.556, 508.0, 0.498, 517.0, 0.554, 535.0, 0.918, 1009.0, 0.481, 77320.89642500001
540.0, 0.698, 520.0, 0.665, 515.0, 0.951, 507.0, 0.671, 1056.0, 0.443, 79263.64637799999
500.0, 0.981, 511.0, 0.778, 506.0, 0.159, 533.0, 0.325, 1068.0, 0.552, 75061.47919099999
534.0, 0.658, 516.0, 0.589, 529.0, 0.547, 540.0, 0.357, 966.0, 0.591, 73687.38264200001
517.0, 0.07, 531.0, 0.744, 526.0, 0.335, 509.0, 0.677, 918.0, 0.572, 68460.131954
536.0, 0.817, 513.0, 0.99, 502.0, 0.264, 510.0, 0.421, 912.0, 0.426, 65624.744439
505.0, 0.166, 534.0, 0.053, 535.0, 0.945, 522.0, 0.294, 903.0, 0.521, 66343.94304900001
538.0, 0.598, 515.0, 0.641, 509.0, 0.011, 522.0, 0.888, 990.0, 0.522, 71399.05734
510.0, 0.418, 530.0, 0.937, 507.0, 0.621, 540.0, 0.127, 929.0, 0.426, 67747.74786199999
535.0, 0.755, 508.0, 0.413, 539.0, 0.571, 538.0, 0.371, 973.0, 0.444, 74176.652557
504.0, 0.106, 516.0, 0.397, 533.0, 0.506, 520.0, 0.014, 1006.0, 0.551, 66963.285408
514.0, 0.07, 537.0, 0.572, 516.0, 0.404, 517.0, 0.857, 977.0, 0.594, 73835.739202
510.0, 0.447, 538.0, 0.944, 507.0, 0.833, 514.0, 0.217, 988.0, 0.493, 72358.032258
501.0, 0.436, 500.0, 0.09, 516.0, 0.479, 537.0, 0.4, 1051.0, 0.458, 75223.550566
527.0, 0.075, 535.0, 0.04, 510.0, 0.164, 516.0, 0.222, 1009.0, 0.597, 64982.033154000004
530.0, 0.044, 540.0, 0.356, 531.0, 1.0, 502.0, 0.96, 1089.0, 0.466, 82615.699319
510.0, 0.308, 520.0, 0.271, 515.0, 0.914, 504.0, 0.088, 965.0, 0.471, 67337.46108299999
513.0, 0.296, 523.0, 0.146, 538.0, 0.742, 500.0, 0.257, 1004.0, 0.538, 72770.80501000001
517.0, 0.912, 534.0, 0.702, 527.0, 0.044, 517.0, 0.841, 1081.0, 0.482, 78363.977356
527.0, 0.397, 509.0, 0.192, 510.0, 0.175, 519.0, 0.649, 919.0, 0.564, 67056.862758
529.0, 0.916, 516.0, 0.163, 505.0, 0.651, 501.0, 0.034, 1047.0, 0.493, 68650.754479
536.0, 0.49, 501.0, 0.873, 533.0, 0.477, 514.0, 0.636, 989.0, 0.59, 74253.51563000001
520.0, 0.996, 501.0, 0.724, 520.0, 0.763, 503.0, 0.052, 1052.0, 0.442, 72941.725949
540.0, 0.921, 505.0, 0.08, 517.0, 0.521, 526.0, 0.73, 1020.0, 0.593, 75348.476845
540.0, 0.102, 517.0, 0.658, 521.0, 0.078, 540.0, 0.352, 1093.0, 0.525, 78196.887527
508.0, 0.696, 526.0, 0.169, 502.0, 0.725, 519.0, 0.544, 1099.0, 0.579, 79982.947322
520.0, 0.182, 500.0, 0.804, 509.0, 0.157, 510.0, 0.369, 970.0, 0.426, 66332.14153499999
500.0, 0.49, 535.0, 0.425, 518.0, 0.737, 508.0, 0.237, 1029.0, 0.437, 74760.353038
511.0, 0.137, 501.0, 0.69, 527.0, 0.468, 503.0, 0.697, 957.0, 0.579, 70218.629344
504.0, 0.007, 508.0, 0.272, 501.0, 0.779, 505.0, 0.54, 1073.0, 0.427, 71786.48540599999
518.0, 0.948, 506.0, 0.751, 522.0, 0.514, 513.0, 0.756, 1070.0, 0.552, 78921.458906
506.0, 0.017, 534.0, 0.484, 504.0, 0.862, 513.0, 0.271, 930.0, 0.476, 65764.59857599999
518.0, 0.313, 503.0, 0.691, 525.0, 0.522, 532.0, 0.648, 1024.0, 0.474, 77483.969773
512.0, 0.933, 524.0, 0.14, 535.0, 0.858, 509.0, 0.597, 932.0, 0.464, 69503.656043
532.0, 0.645, 517.0, 0.464, 528.0, 0.774, 530.0, 0.885, 1039.0, 0.589, 80167.716025
505.0, 0.585, 512.0, 0.863, 510.0, 0.416, 533.0, 0.165, 941.0, 0.486, 67213.39712
520.0, 0.005, 517.0, 0.032, 503.0, 0.324, 532.0, 0.728, 987.0, 0.479, 67137.297714
530.0, 0.233, 514.0, 0.614, 522.0, 0.771, 517.0, 0.67, 1008.0, 0.42, 76263.57979499998
520.0, 0.752, 527.0, 0.837, 537.0, 0.185, 533.0, 0.268, 1020.0, 0.536, 75117.18053099999
514.0, 0.962, 502.0, 0.128, 510.0, 0.928, 533.0, 0.926, 944.0, 0.525, 70378.493949
539.0, 0.856, 536.0, 0.314, 510.0, 0.239, 518.0, 0.848, 1025.0, 0.514, 76866.21401800001
536.0, 0.288, 506.0, 0.704, 533.0, 0.698, 536.0, 0.628, 1000.0, 0.583, 77015.907076
519.0, 0.992, 532.0, 0.691, 518.0, 0.43, 500.0, 0.596, 937.0, 0.586, 69143.86321200001
538.0, 0.397, 506.0, 0.87, 508.0, 0.552, 537.0, 0.322, 999.0, 0.549, 74198.529518
502.0, 0.488, 531.0, 0.609, 532.0, 0.092, 505.0, 0.675, 934.0, 0.407, 67703.42173999999
510.0, 0.706, 534.0, 0.781, 501.0, 0.34, 539.0, 0.791, 1032.0, 0.515, 78040.932284
523.0, 0.512, 521.0, 0.743, 508.0, 0.347, 536.0, 0.987, 1084.0, 0.429, 82407.731371
525.0, 0.268, 509.0, 0.248, 532.0, 0.961, 522.0, 0.98, 958.0, 0.521, 73938.45556199999
517.0, 0.441, 505.0, 0.317, 518.0, 0.069, 534.0, 0.23, 993.0, 0.454, 67507.833279
507.0, 0.372, 522.0, 0.902, 534.0, 0.139, 515.0, 0.984, 922.0, 0.597, 68939.05076
523.0, 0.747, 505.0, 0.009, 529.0, 0.486, 540.0, 0.3, 978.0, 0.469, 69577.29363500001
536.0, 0.417, 516.0, 0.846, 515.0, 0.587, 536.0, 0.164, 1060.0, 0.519, 77676.49579300001
532.0, 0.543, 511.0, 0.152, 505.0, 0.159, 540.0, 0.249, 976.0, 0.489, 68665.848212
522.0, 0.472, 520.0, 0.932, 525.0, 0.844, 518.0, 0.332, 940.0, 0.531, 70296.12784100001
505.0, 0.025, 505.0, 0.944, 513.0, 0.453, 531.0, 0.802, 969.0, 0.478, 71087.02957299999
539.0, 0.354, 537.0, 0.084, 540.0, 0.659, 503.0, 0.383, 1064.0, 0.597, 79137.586128
